"Category","Term","Genes","Count","List Total","Pop Hits","Pop Total","P-Value","Benjamini","Fold Enrichment","Bonferroni","FDR","Fisher Exact"
"GOTERM_BP_DIRECT","response to water deprivation","4.56%","73","1127","386","22918","5.10e-23","5.86e-20","3.85","5.86e-20","5.62e-20","1.14e-23"
"GOTERM_CC_DIRECT","cytosol","14.62%","234","1583","2486","28749","2.10e-16","4.26e-14","1.71","4.51e-14","3.80e-14","1.66e-16"
"GOTERM_CC_DIRECT","plasma membrane","17.74%","284","1583","3271","28749","2.38e-15","2.42e-13","1.58","4.73e-13","2.15e-13","1.42e-15"
"GOTERM_BP_DIRECT","response to salt stress","3.87%","62","1127","407","22918","6.73e-15","2.59e-12","3.10","7.78e-12","2.48e-12","1.95e-15"
"GOTERM_BP_DIRECT","response to cold","3.75%","60","1127","385","22918","6.76e-15","2.59e-12","3.17","7.78e-12","2.48e-12","1.96e-15"
"GOTERM_CC_DIRECT","plant-type vacuole","5.93%","95","1583","749","28749","6.91e-14","4.68e-12","2.30","1.40e-11","4.17e-12","2.73e-14"
"GOTERM_BP_DIRECT","response to abscisic acid","4.00%","64","1127","466","22918","3.01e-13","8.64e-11","2.79","3.46e-10","8.28e-11","9.81e-14"
"GOTERM_CC_DIRECT","membrane","26.17%","419","1583","5622","28749","5.05e-12","2.56e-10","1.35","1.02e-9","2.28e-10","3.71e-12"
"KEGG_PATHWAY","Metabolic pathways","13.87%","222","367","2414","5592","5.73e-12","6.82e-10","1.40","6.82e-10","5.96e-10","3.96e-12"
"GOTERM_MF_DIRECT","protein binding","21.86%","350","1576","4595","28424","1.08e-10","8.97e-8","1.37","8.97e-8","8.90e-8","7.57e-11"
"GOTERM_BP_DIRECT","response to wounding","2.44%","39","1127","240","22918","1.70e-10","3.91e-8","3.30","1.96e-7","3.75e-8","4.52e-11"
"GOTERM_BP_DIRECT","water transport","0.75%","12","1127","20","22918","4.28e-10","8.20e-8","12.20","4.92e-7","7.86e-8","1.65e-11"
"GOTERM_CC_DIRECT","secretory vesicle","2.12%","34","1583","181","28749","1.16e-9","4.72e-8","3.41","2.36e-7","4.21e-8","2.91e-10"
"GOTERM_MF_DIRECT","channel activity","1.00%","16","1576","42","28424","3.18e-9","1.32e-6","6.87","2.65e-6","1.31e-6","3.12e-10"
"UP_KW_CELLULAR_COMPONENT","Vacuole","2.94%","47","1009","289","15965","5.64e-9","2.42e-7","2.57","2.42e-7","2.25e-7","1.94e-9"
"INTERPRO","MIP_CS","0.94%","15","1408","37","24245","7.97e-9","8.87e-6","6.98","1.72e-5","8.77e-6","7.45e-10"
"GOTERM_MF_DIRECT","transcription cis-regulatory region binding","4.93%","79","1576","713","28424","8.37e-9","2.32e-6","2.00","6.97e-6","2.30e-6","3.85e-9"
"INTERPRO","MIP","1.00%","16","1408","43","24245","8.58e-9","8.87e-6","6.41","1.85e-5","8.77e-6","9.16e-10"
"INTERPRO","Aquaporin-like","1.00%","16","1408","44","24245","1.23e-8","8.87e-6","6.26","2.66e-5","8.77e-6","1.36e-9"
"GOTERM_BP_DIRECT","lipid metabolic process","1.94%","31","1127","189","22918","1.33e-8","2.18e-6","3.34","1.52e-5","2.08e-6","3.47e-9"
"INTERPRO","Aquaporin_transptr","0.94%","15","1408","39","24245","1.76e-8","9.52e-6","6.62","3.81e-5","9.42e-6","1.79e-9"
"GOTERM_CC_DIRECT","endoplasmic reticulum","5.87%","94","1583","935","28749","2.52e-8","8.52e-7","1.83","5.11e-6","7.60e-7","1.25e-8"
"GOTERM_MF_DIRECT","water channel activity","0.87%","14","1576","36","28424","3.08e-8","6.41e-6","7.01","2.56e-5","6.36e-6","2.94e-9"
"UP_SEQ_FEATURE","MOTIF:NPA 2","0.87%","14","1433","35","24437","3.99e-8","2.98e-5","6.82","5.96e-5","2.94e-5","3.86e-9"
"UP_SEQ_FEATURE","MOTIF:NPA 1","0.87%","14","1433","35","24437","3.99e-8","2.98e-5","6.82","5.96e-5","2.94e-5","3.86e-9"
"KEGG_PATHWAY","Biosynthesis of secondary metabolites","8.18%","131","367","1320","5592","7.04e-8","4.19e-6","1.51","8.38e-6","3.66e-6","4.45e-8"
"GOTERM_BP_DIRECT","leaf senescence","1.56%","25","1127","142","22918","1.10e-7","1.58e-5","3.58","1.26e-4","1.51e-5","2.64e-8"
"UP_KW_DOMAIN","Transmembrane helix","27.86%","446","954","6069","15660","1.61e-7","3.07e-6","1.21","3.07e-6","3.07e-6","1.31e-7"
"UP_SEQ_FEATURE","TRANSMEM:Helical","27.80%","445","1433","6158","24437","1.90e-7","9.48e-5","1.23","2.84e-4","9.33e-5","1.50e-7"
"UP_KW_BIOLOGICAL_PROCESS","Stress response","4.75%","76","682","638","10503","2.44e-7","3.12e-5","1.83","3.12e-5","2.92e-5","1.24e-7"
"GOTERM_BP_DIRECT","response to light stimulus","1.81%","29","1127","194","22918","3.11e-7","3.97e-5","3.04","3.57e-4","3.80e-5","9.07e-8"
"GOTERM_MF_DIRECT","DNA-binding transcription factor activity","8.68%","139","1576","1636","28424","4.87e-7","8.12e-5","1.53","4.06e-4","8.05e-5","3.11e-7"
"GOTERM_BP_DIRECT","circadian rhythm","1.31%","21","1127","118","22918","1.18e-6","1.35e-4","3.62","1.35e-3","1.30e-4","2.80e-7"
"GOTERM_CC_DIRECT","cytoplasm","20.11%","322","1583","4575","28749","1.20e-6","3.47e-5","1.28","2.43e-4","3.09e-5","8.91e-7"
"INTERPRO","NAD(P)-bd_dom_sf","2.87%","46","1408","363","24245","1.35e-6","5.85e-4","2.18","2.92e-3","5.78e-4","5.68e-7"
"GOTERM_BP_DIRECT","photosynthesis, light harvesting","0.62%","10","1127","25","22918","1.62e-6","1.69e-4","8.13","1.86e-3","1.62e-4","1.32e-7"
"GOTERM_BP_DIRECT","response to oxidative stress","2.25%","36","1127","301","22918","2.19e-6","2.09e-4","2.43","2.51e-3","2.00e-4","8.27e-7"
"GOTERM_BP_DIRECT","response to desiccation","0.62%","10","1127","26","22918","2.36e-6","2.09e-4","7.82","2.71e-3","2.00e-4","2.05e-7"
"GOTERM_BP_DIRECT","abscisic acid-activated signaling pathway","2.00%","32","1127","252","22918","2.55e-6","2.09e-4","2.58","2.93e-3","2.01e-4","8.97e-7"
"GOTERM_CC_DIRECT","plant-type vacuole membrane","1.37%","22","1583","121","28749","2.67e-6","6.77e-5","3.30","5.41e-4","6.03e-5","6.94e-7"
"GOTERM_CC_DIRECT","chloroplast","21.74%","348","1583","5078","28749","4.75e-6","1.07e-4","1.24","9.64e-4","9.56e-5","3.67e-6"
"GOTERM_BP_DIRECT","response to osmotic stress","1.56%","25","1127","174","22918","4.78e-6","3.66e-4","2.92","5.48e-3","3.51e-4","1.46e-6"
"GOTERM_BP_DIRECT","cellular response to hypoxia","1.94%","31","1127","251","22918","6.60e-6","4.74e-4","2.51","7.56e-3","4.54e-4","2.39e-6"
"GOTERM_BP_DIRECT","fatty acid biosynthetic process","1.19%","19","1127","112","22918","8.62e-6","5.83e-4","3.45","9.86e-3","5.58e-4","2.16e-6"
"UP_KW_DOMAIN","Transmembrane","28.61%","458","954","6484","15660","1.46e-5","1.39e-4","1.16","2.78e-4","1.39e-4","1.24e-5"
"GOTERM_CC_DIRECT","apoplast","3.37%","54","1583","538","28749","3.28e-5","6.67e-4","1.82","6.64e-3","5.94e-4","1.66e-5"
"UP_SEQ_FEATURE","TOPO_DOM:Vacuolar","0.75%","12","1433","44","24437","3.43e-5","1.28e-2","4.65","5.00e-2","1.26e-2","5.76e-6"
"INTERPRO","Myb_dom_plants","1.06%","17","1408","88","24245","4.16e-5","1.50e-2","3.33","8.60e-2","1.48e-2","1.06e-5"
"INTERPRO","HAD-SF_hydro_IIB","0.56%","9","1408","25","24245","5.60e-5","1.73e-2","6.20","1.14e-1","1.71e-2","6.40e-6"
"GOTERM_CC_DIRECT","plastoglobule","0.94%","15","1583","76","28749","6.09e-5","1.12e-3","3.58","1.23e-2","1.00e-3","1.43e-5"
"GOTERM_BP_DIRECT","response to sucrose","0.94%","15","1127","85","22918","6.39e-5","4.08e-3","3.59","7.08e-2","3.91e-3","1.53e-5"
"UP_SEQ_FEATURE","PROPEP:Removed in mature form","2.31%","37","1433","308","24437","6.42e-5","1.92e-2","2.05","9.15e-2","1.89e-2","2.88e-5"
"SMART","AAI","1.00%","16","499","87","9100","6.53e-5","1.33e-2","3.35","1.32e-2","1.32e-2","1.67e-5"
"UP_KW_BIOLOGICAL_PROCESS","Fatty acid metabolism","1.44%","23","682","137","10503","6.57e-5","3.18e-3","2.59","8.37e-3","2.98e-3","2.23e-5"
"INTERPRO","HAD-like_sf","1.56%","25","1408","174","24245","7.17e-5","1.93e-2","2.47","1.43e-1","1.91e-2","2.59e-5"
"GOTERM_CC_DIRECT","chloroplast thylakoid membrane","2.94%","47","1583","460","28749","7.41e-5","1.25e-3","1.86","1.49e-2","1.12e-3","3.70e-5"
"UP_KW_BIOLOGICAL_PROCESS","Lipid metabolism","3.75%","60","682","549","10503","7.44e-5","3.18e-3","1.68","9.48e-3","2.98e-3","4.13e-5"
"GOTERM_BP_DIRECT","response to nematode","1.00%","16","1127","97","22918","7.51e-5","4.54e-3","3.35","8.27e-2","4.35e-3","1.95e-5"
"GOTERM_BP_DIRECT","photosynthesis, light harvesting in photosystem II","0.31%","5","1127","6","22918","8.03e-5","4.61e-3","16.95","8.81e-2","4.42e-3","1.64e-6"
"GOTERM_CC_DIRECT","photosystem II","0.75%","12","1583","51","28749","8.39e-5","1.31e-3","4.27","1.69e-2","1.17e-3","1.59e-5"
"GOTERM_MF_DIRECT","protein domain specific binding","0.87%","14","1576","69","28424","9.31e-5","1.29e-2","3.66","7.47e-2","1.28e-2","2.14e-5"
"GOTERM_BP_DIRECT","response to jasmonic acid","1.37%","22","1127","171","22918","1.04e-4","5.54e-3","2.62","1.13e-1","5.31e-3","3.58e-5"
"GOTERM_BP_DIRECT","amino acid transport","0.81%","13","1127","68","22918","1.06e-4","5.54e-3","3.89","1.15e-1","5.31e-3","2.31e-5"
"GOTERM_MF_DIRECT","chlorophyll binding","0.62%","10","1576","36","28424","1.16e-4","1.38e-2","5.01","9.21e-2","1.37e-2","1.80e-5"
"KEGG_PATHWAY","Starch and sucrose metabolism","1.62%","26","367","172","5592","1.17e-4","4.64e-3","2.30","1.38e-2","4.05e-3","4.53e-5"
"GOTERM_BP_DIRECT","response to salt","0.69%","11","1127","50","22918","1.34e-4","6.70e-3","4.47","1.43e-1","6.42e-3","2.47e-5"
"INTERPRO","HAD_sf","1.50%","24","1408","170","24245","1.35e-4","3.24e-2","2.43","2.53e-1","3.20e-2","4.97e-5"
"INTERPRO","AB_hydrolase_fold","2.44%","39","1408","350","24245","1.60e-4","3.38e-2","1.92","2.92e-1","3.34e-2","7.68e-5"
"INTERPRO","Chloro_AB-bd_pln","0.50%","8","1408","22","24245","1.72e-4","3.38e-2","6.26","3.10e-1","3.34e-2","1.95e-5"
"GOTERM_BP_DIRECT","regulation of stomatal closure","0.62%","10","1127","44","22918","2.42e-4","1.16e-2","4.62","2.42e-1","1.11e-2","4.27e-5"
"INTERPRO","SANT_dom","0.69%","11","1408","46","24245","2.51e-4","4.52e-2","4.12","4.18e-1","4.46e-2","4.94e-5"
"SMART","CY","0.31%","5","499","7","9100","2.72e-4","2.77e-2","13.03","5.39e-2","2.74e-2","9.31e-6"
"KEGG_PATHWAY","Plant hormone signal transduction","2.87%","46","367","409","5592","3.01e-4","8.35e-3","1.71","3.51e-2","7.29e-3","1.64e-4"
"GOTERM_BP_DIRECT","carbohydrate metabolic process","2.12%","34","1127","352","22918","3.07e-4","1.41e-2","1.96","2.97e-1","1.35e-2","1.45e-4"
"UP_KW_MOLECULAR_FUNCTION","Oxidoreductase","6.81%","109","806","1268","12980","3.36e-4","2.52e-2","1.38","2.49e-2","2.52e-2","2.35e-4"
"GOTERM_CC_DIRECT","thylakoid","1.81%","29","1583","252","28749","3.42e-4","4.96e-3","2.09","6.71e-2","4.42e-3","1.52e-4"
"KEGG_PATHWAY","Photosynthesis - antenna proteins","0.50%","8","367","22","5592","3.51e-4","8.35e-3","5.54","4.09e-2","7.29e-3","4.51e-5"
"UP_SEQ_FEATURE","MOTIF:Secondary area of contact","0.31%","5","1433","7","24437","3.56e-4","7.60e-2","12.18","4.13e-1","7.48e-2","1.31e-5"
"UP_SEQ_FEATURE","SITE:Reactive site","0.31%","5","1433","7","24437","3.56e-4","7.60e-2","12.18","4.13e-1","7.48e-2","1.31e-5"
"GOTERM_BP_DIRECT","regulation of DNA-templated transcription","6.43%","103","1127","1486","22918","3.77e-4","1.66e-2","1.41","3.51e-1","1.59e-2","2.48e-4"
"COG_ONTOLOGY","Lipid metabolism","0.94%","15","160","83","2588","3.96e-4","9.50e-3","2.92","9.85e-3","9.50e-3","1.17e-4"
"GOTERM_BP_DIRECT","wax biosynthetic process","0.50%","8","1127","29","22918","4.08e-4","1.70e-2","5.61","3.75e-1","1.62e-2","5.67e-5"
"GOTERM_BP_DIRECT","response to glucose","0.69%","11","1127","57","22918","4.13e-4","1.70e-2","3.92","3.78e-1","1.62e-2","8.89e-5"
"GOTERM_CC_DIRECT","photosystem I","0.56%","9","1583","34","28749","4.15e-4","5.26e-3","4.81","8.07e-2","4.69e-3","6.81e-5"
"GOTERM_CC_DIRECT","side of membrane","1.50%","24","1583","193","28749","4.15e-4","5.26e-3","2.26","8.08e-2","4.69e-3","1.66e-4"
"INTERPRO","Chloroa_b-bind","0.50%","8","1408","25","24245","4.16e-4","6.91e-2","5.51","5.93e-1","6.83e-2","5.63e-5"
"GOTERM_MF_DIRECT","glycosyltransferase activity","3.00%","48","1576","508","28424","4.35e-4","4.53e-2","1.70","3.04e-1","4.49e-2","2.39e-4"
"GOTERM_BP_DIRECT","response to heat","1.44%","23","1127","203","22918","4.37e-4","1.73e-2","2.30","3.95e-1","1.66e-2","1.73e-4"
"UP_KW_CELLULAR_COMPONENT","Membrane","33.85%","542","1009","7756","15965","4.71e-4","1.01e-2","1.11","2.01e-2","9.42e-3","4.19e-4"
"GOTERM_CC_DIRECT","peroxisome","2.31%","37","1583","362","28749","4.74e-4","5.67e-3","1.86","9.18e-2","5.05e-3","2.36e-4"
"INTERPRO","Bifun_inhib/LTP/seed_sf","1.19%","19","1408","130","24245","5.23e-4","8.07e-2","2.52","6.77e-1","7.98e-2","1.85e-4"
"GOTERM_MF_DIRECT","fatty acid elongase activity","0.50%","8","1576","27","28424","5.27e-4","4.88e-2","5.34","3.55e-1","4.84e-2","7.54e-5"
"INTERPRO","Pept_cys_AS","0.56%","9","1408","34","24245","5.90e-4","8.49e-2","4.56","7.20e-1","8.40e-2","1.02e-4"
"UP_SEQ_FEATURE","DOMAIN:Bifunctional inhibitor/plant lipid transfer protein/seed storage helical","1.06%","17","1433","109","24437","6.07e-4","1.13e-1","2.66","5.96e-1","1.12e-1","2.01e-4"
"GOTERM_BP_DIRECT","glutathione metabolic process","0.50%","8","1127","31","22918","6.31e-4","2.42e-2","5.25","5.16e-1","2.32e-2","9.55e-5"
"UP_KW_BIOLOGICAL_PROCESS","Fatty acid biosynthesis","0.94%","15","682","81","10503","6.40e-4","2.05e-2","2.85","7.87e-2","1.92e-2","1.93e-4"
"GOTERM_BP_DIRECT","trehalose biosynthetic process","0.44%","7","1127","23","22918","6.81e-4","2.52e-2","6.19","5.43e-1","2.42e-2","8.35e-5"
"GOTERM_CC_DIRECT","plasmodesma","4.93%","79","1583","979","28749","6.95e-4","7.84e-3","1.47","1.32e-1","6.99e-3","4.51e-4"
"GOTERM_BP_DIRECT","cuticle development","0.37%","6","1127","16","22918","7.87e-4","2.82e-2","7.63","5.95e-1","2.71e-2","7.30e-5"
"UP_KW_LIGAND","NADP","2.37%","38","465","345","7427","7.88e-4","3.47e-2","1.76","3.41e-2","3.31e-2","4.19e-4"
"INTERPRO","Bifunc_inhib/LTP/seed_store","1.06%","17","1408","113","24245","8.17e-4","1.10e-1","2.59","8.29e-1","1.09e-1","2.78e-4"
"GOTERM_MF_DIRECT","electron transfer activity","0.81%","13","1576","75","28424","8.17e-4","6.81e-2","3.13","4.94e-1","6.75e-2","2.25e-4"
"UP_KW_MOLECULAR_FUNCTION","Glycosyltransferase","3.31%","53","806","536","12980","8.49e-4","3.18e-2","1.59","6.17e-2","3.18e-2","4.97e-4"
"GOTERM_BP_DIRECT","photosynthesis, light harvesting in photosystem I","0.31%","5","1127","10","22918","9.59e-4","3.34e-2","10.17","6.68e-1","3.20e-2","5.84e-5"
"GOTERM_BP_DIRECT","response to red light","0.75%","12","1127","75","22918","1.05e-3","3.51e-2","3.25","7.00e-1","3.36e-2","2.80e-4"
"GOTERM_BP_DIRECT","chlorophyll catabolic process","0.37%","6","1127","17","22918","1.07e-3","3.51e-2","7.18","7.08e-1","3.36e-2","1.08e-4"
"INTERPRO","Thiolase-like","0.56%","9","1408","37","24245","1.07e-3","1.24e-1","4.19","9.02e-1","1.22e-1","2.07e-4"
"UP_SEQ_FEATURE","DOMAIN:Ubiquitin-like 2","0.37%","6","1433","15","24437","1.26e-3","1.58e-1","6.82","8.47e-1","1.56e-1","1.27e-4"
"UP_SEQ_FEATURE","DOMAIN:Ubiquitin-like 1","0.37%","6","1433","15","24437","1.26e-3","1.58e-1","6.82","8.47e-1","1.56e-1","1.27e-4"
"INTERPRO","At5g01610-like","0.44%","7","1408","22","24245","1.26e-3","1.24e-1","5.48","9.34e-1","1.22e-1","1.73e-4"
"INTERPRO","Trehalose_PPase","0.44%","7","1408","22","24245","1.26e-3","1.24e-1","5.48","9.34e-1","1.22e-1","1.73e-4"
"INTERPRO","DUF538","0.44%","7","1408","22","24245","1.26e-3","1.24e-1","5.48","9.34e-1","1.22e-1","1.73e-4"
"INTERPRO","FAE1_typ3_polyketide_synth","0.44%","7","1408","22","24245","1.26e-3","1.24e-1","5.48","9.34e-1","1.22e-1","1.73e-4"
"INTERPRO","3-ktacl-CoA_syn","0.44%","7","1408","22","24245","1.26e-3","1.24e-1","5.48","9.34e-1","1.22e-1","1.73e-4"
"UP_SEQ_FEATURE","DOMAIN:FAE","0.44%","7","1433","22","24437","1.33e-3","1.58e-1","5.43","8.62e-1","1.56e-1","1.84e-4"
"GOTERM_BP_DIRECT","response to high light intensity","0.62%","10","1127","55","22918","1.34e-3","4.19e-2","3.70","7.85e-1","4.01e-2","3.08e-4"
"GOTERM_MF_DIRECT","UDP-glucosyltransferase activity","0.94%","15","1576","101","28424","1.35e-3","1.02e-1","2.68","6.75e-1","1.01e-1","4.45e-4"
"GOTERM_BP_DIRECT","response to blue light","0.69%","11","1127","66","22918","1.35e-3","4.19e-2","3.39","7.89e-1","4.01e-2","3.46e-4"
"UP_SEQ_FEATURE","TRANSIT:Chloroplast","6.87%","110","1433","1397","24437","1.37e-3","1.58e-1","1.34","8.71e-1","1.56e-1","9.39e-4"
"UP_SEQ_FEATURE","DOMAIN:Peptidase C1A papain C-terminal","0.56%","9","1433","38","24437","1.38e-3","1.58e-1","4.04","8.72e-1","1.56e-1","2.77e-4"
"GOTERM_BP_DIRECT","regulation of timing of transition from vegetative to reproductive phase","0.56%","9","1127","45","22918","1.41e-3","4.19e-2","4.07","8.02e-1","4.01e-2","2.91e-4"
"GOTERM_BP_DIRECT","very long-chain fatty acid metabolic process","0.37%","6","1127","18","22918","1.42e-3","4.19e-2","6.78","8.05e-1","4.01e-2","1.55e-4"
"GOTERM_BP_DIRECT","lipid transport","0.87%","14","1127","102","22918","1.46e-3","4.20e-2","2.79","8.14e-1","4.03e-2","4.65e-4"
"SMART","Pept_C1","0.56%","9","499","41","9100","1.46e-3","9.96e-2","4.00","2.58e-1","9.86e-2","3.02e-4"
"KEGG_PATHWAY","Peroxisome","0.94%","15","367","88","5592","1.55e-3","2.77e-2","2.60","1.69e-1","2.42e-2","5.20e-4"
"UP_SEQ_FEATURE","TRANSMEM:Helical; Name=6","1.94%","31","1433","287","24437","1.60e-3","1.63e-1","1.84","9.08e-1","1.60e-1","7.92e-4"
"INTERPRO","ACP_syn_III_C","0.44%","7","1408","23","24245","1.62e-3","1.44e-1","5.24","9.70e-1","1.43e-1","2.36e-4"
"UP_KW_LIGAND","Chromophore","0.69%","11","465","54","7427","1.63e-3","3.59e-2","3.25","6.93e-2","3.43e-2","4.22e-4"
"GOTERM_BP_DIRECT","positive regulation of DNA-templated transcription","1.56%","25","1127","253","22918","1.64e-3","4.59e-2","2.01","8.48e-1","4.39e-2","7.51e-4"
"INTERPRO","RNF126-like_zinc-ribbon","0.37%","6","1408","16","24245","1.67e-3","1.44e-1","6.46","9.73e-1","1.43e-1","1.83e-4"
"INTERPRO","Myb_dom","1.69%","27","1408","240","24245","1.67e-3","1.44e-1","1.94","9.73e-1","1.43e-1","7.90e-4"
"KEGG_PATHWAY","Valine, leucine and isoleucine degradation","0.69%","11","367","52","5592","1.69e-3","2.77e-2","3.22","1.82e-1","2.42e-2","4.39e-4"
"UP_SEQ_FEATURE","DOMAIN:Cathepsin propeptide inhibitor","0.50%","8","1433","31","24437","1.77e-3","1.63e-1","4.40","9.29e-1","1.60e-1","3.21e-4"
"UP_SEQ_FEATURE","TRANSMEM:Helical; Name=5","2.00%","32","1433","302","24437","1.78e-3","1.63e-1","1.81","9.31e-1","1.60e-1","9.12e-4"
"INTERPRO","Cystatin_dom","0.31%","5","1408","10","24245","1.79e-3","1.49e-1","8.61","9.79e-1","1.47e-1","1.29e-4"
"GOTERM_BP_DIRECT","de-etiolation","0.37%","6","1127","19","22918","1.85e-3","5.07e-2","6.42","8.81e-1","4.85e-2","2.18e-4"
"UP_SEQ_FEATURE","DOMAIN:Cystatin","0.31%","5","1433","10","24437","1.85e-3","1.63e-1","8.53","9.37e-1","1.60e-1","1.35e-4"
"KEGG_PATHWAY","Fatty acid elongation","0.56%","9","367","36","5592","1.86e-3","2.77e-2","3.81","1.99e-1","2.42e-2","3.94e-4"
"GOTERM_BP_DIRECT","transmembrane transport","1.25%","20","1127","185","22918","1.96e-3","5.24e-2","2.20","8.95e-1","5.02e-2","8.13e-4"
"INTERPRO","ADH-like_N","0.50%","8","1408","32","24245","2.04e-3","1.57e-1","4.30","9.88e-1","1.55e-1","3.81e-4"
"INTERPRO","Hydrophob_seed_dom","0.50%","8","1408","32","24245","2.04e-3","1.57e-1","4.30","9.88e-1","1.55e-1","3.81e-4"
"UP_KW_CELLULAR_COMPONENT","Photosystem II","0.75%","12","1009","64","15965","2.04e-3","2.88e-2","2.97","8.42e-2","2.68e-2","5.88e-4"
"GOTERM_BP_DIRECT","response to freezing","0.44%","7","1127","28","22918","2.06e-3","5.38e-2","5.08","9.06e-1","5.15e-2","3.25e-4"
"GOTERM_BP_DIRECT","L-leucine catabolic process","0.25%","4","1127","6","22918","2.12e-3","5.40e-2","13.56","9.12e-1","5.18e-2","8.06e-5"
"INTERPRO","Peptidase_C1A","0.56%","9","1408","41","24245","2.16e-3","1.57e-1","3.78","9.91e-1","1.55e-1","4.73e-4"
"UP_SEQ_FEATURE","REGION:Leucine-zipper","0.87%","14","1433","90","24437","2.21e-3","1.67e-1","2.65","9.63e-1","1.64e-1","7.30e-4"
"GOTERM_BP_DIRECT","fatty acid metabolic process","0.62%","10","1127","59","22918","2.22e-3","5.53e-2","3.45","9.22e-1","5.30e-2","5.54e-4"
"INTERPRO","Remorin_C","0.37%","6","1408","17","24245","2.25e-3","1.57e-1","6.08","9.92e-1","1.55e-1","2.69e-4"
"INTERPRO","Fatty_acid_hydroxylase","0.37%","6","1408","17","24245","2.25e-3","1.57e-1","6.08","9.92e-1","1.55e-1","2.69e-4"
"UP_SEQ_FEATURE","DOMAIN:HTH myb-type","1.69%","27","1433","243","24437","2.27e-3","1.67e-1","1.89","9.67e-1","1.64e-1","1.10e-3"
"PIR_SUPERFAMILY","3-ktacl-CoA_syn","0.44%","7","113","22","1693","2.28e-3","1.94e-1","4.77","1.77e-1","1.94e-1","3.62e-4"
"KEGG_PATHWAY","Lysosome","0.87%","14","367","82","5592","2.34e-3","2.93e-2","2.60","2.43e-1","2.56e-2","7.80e-4"
"UP_SEQ_FEATURE","DOMAIN:Remorin C-terminal","0.37%","6","1433","17","24437","2.35e-3","1.67e-1","6.02","9.70e-1","1.64e-1","2.84e-4"
"UP_SEQ_FEATURE","DOMAIN:Fatty acid hydroxylase","0.37%","6","1433","17","24437","2.35e-3","1.67e-1","6.02","9.70e-1","1.64e-1","2.84e-4"
"UP_KW_BIOLOGICAL_PROCESS","Abscisic acid signaling pathway","1.56%","25","682","199","10503","2.36e-3","6.05e-2","1.93","2.61e-1","5.67e-2","1.11e-3"
"GOTERM_CC_DIRECT","chloroplast thylakoid","1.62%","26","1583","246","28749","2.40e-3","2.56e-2","1.92","3.86e-1","2.29e-2","1.15e-3"
"KEGG_PATHWAY","MAPK signaling pathway - plant","1.25%","20","367","144","5592","2.47e-3","2.93e-2","2.12","2.55e-1","2.56e-2","1.04e-3"
"UP_KW_CELLULAR_COMPONENT","Cell membrane","7.56%","121","1009","1486","15965","2.68e-3","2.88e-2","1.29","1.09e-1","2.68e-2","2.00e-3"
"UP_SEQ_FEATURE","DOMAIN:SANT","0.69%","11","1433","61","24437","2.71e-3","1.70e-1","3.08","9.83e-1","1.67e-1","7.54e-4"
"UP_SEQ_FEATURE","TRANSMEM:Helical; Name=4","2.00%","32","1433","312","24437","2.94e-3","1.70e-1","1.75","9.88e-1","1.67e-1","1.56e-3"
"GOTERM_BP_DIRECT","very long-chain fatty acid biosynthetic process","0.37%","6","1127","21","22918","2.99e-3","7.00e-2","5.81","9.68e-1","6.71e-2","4.00e-4"
"GOTERM_BP_DIRECT","intracellular auxin homeostasis","0.37%","6","1127","21","22918","2.99e-3","7.00e-2","5.81","9.68e-1","6.71e-2","4.00e-4"
"GOTERM_BP_DIRECT","response to calcium ion","0.37%","6","1127","21","22918","2.99e-3","7.00e-2","5.81","9.68e-1","6.71e-2","4.00e-4"
"UP_SEQ_FEATURE","TRANSMEM:Helical; Name=2","2.19%","35","1433","352","24437","3.03e-3","1.70e-1","1.70","9.89e-1","1.67e-1","1.64e-3"
"UP_SEQ_FEATURE","TRANSMEM:Helical; Name=1","2.19%","35","1433","352","24437","3.03e-3","1.70e-1","1.70","9.89e-1","1.67e-1","1.64e-3"
"UP_SEQ_FEATURE","REGION:Activation loop","0.69%","11","1433","62","24437","3.06e-3","1.70e-1","3.03","9.90e-1","1.67e-1","8.68e-4"
"UP_SEQ_FEATURE","DNA_BIND:H-T-H motif","1.25%","20","1433","162","24437","3.07e-3","1.70e-1","2.11","9.90e-1","1.67e-1","1.32e-3"
"INTERPRO","UDP_glucos_trans","1.00%","16","1408","117","24245","3.18e-3","2.02e-1","2.35","9.99e-1","2.00e-1","1.20e-3"
"INTERPRO","NAF_dom","0.44%","7","1408","26","24245","3.19e-3","2.02e-1","4.64","9.99e-1","2.00e-1","5.43e-4"
"INTERPRO","NAF/FISL_domain","0.44%","7","1408","26","24245","3.19e-3","2.02e-1","4.64","9.99e-1","2.00e-1","5.43e-4"
"UP_SEQ_FEATURE","DOMAIN:NAF","0.44%","7","1433","26","24437","3.34e-3","1.78e-1","4.59","9.93e-1","1.76e-1","5.76e-4"
"KEGG_PATHWAY","Galactose metabolism","0.69%","11","367","57","5592","3.45e-3","3.73e-2","2.94","3.37e-1","3.26e-2","9.96e-4"
"SMART","Inhibitor_I29","0.50%","8","499","37","9100","3.46e-3","1.76e-1","3.94","5.07e-1","1.75e-1","7.27e-4"
"INTERPRO","GST_C","0.50%","8","1408","35","24245","3.50e-3","2.16e-1","3.94","9.99e-1","2.14e-1","7.30e-4"
"GOTERM_BP_DIRECT","xanthophyll biosynthetic process","0.25%","4","1127","7","22918","3.57e-3","8.04e-2","11.62","9.84e-1","7.70e-2","1.81e-4"
"GOTERM_BP_DIRECT","intracellular amino acid homeostasis","0.25%","4","1127","7","22918","3.57e-3","8.04e-2","11.62","9.84e-1","7.70e-2","1.81e-4"
"INTERPRO","AA/rel_permease1","0.37%","6","1408","19","24245","3.83e-3","2.24e-1","5.44","1.00e+0","2.22e-1","5.34e-4"
"INTERPRO","Glyco_trans_20","0.31%","5","1408","12","24245","3.84e-3","2.24e-1","7.17","1.00e+0","2.22e-1","3.68e-4"
"GOTERM_BP_DIRECT","circadian regulation of gene expression","0.31%","5","1127","14","22918","3.90e-3","8.63e-2","7.26","9.89e-1","8.27e-2","3.93e-4"
"UP_SEQ_FEATURE","REGION:Glycosyltransferase","0.31%","5","1433","12","24437","3.97e-3","2.05e-1","7.11","9.97e-1","2.02e-1","3.85e-4"
"INTERPRO","Peptidase_C1A_C","0.56%","9","1408","45","24245","3.98e-3","2.26e-1","3.44","1.00e+0","2.24e-1","9.71e-4"
"GOTERM_MF_DIRECT","symporter activity","0.75%","12","1576","79","28424","4.11e-3","2.85e-1","2.74","9.68e-1","2.83e-1","1.31e-3"
"INTERPRO","Pept_his_AS","0.50%","8","1408","36","24245","4.13e-3","2.29e-1","3.83","1.00e+0","2.26e-1","8.91e-4"
"GOTERM_BP_DIRECT","negative regulation of gene expression","0.44%","7","1127","32","22918","4.19e-3","9.09e-2","4.45","9.92e-1","8.71e-2","7.78e-4"
"COG_ONTOLOGY","Carbohydrate transport and metabolism / Signal transduction mechanisms","0.69%","11","160","63","2588","4.34e-3","5.20e-2","2.82","1.03e-1","5.20e-2","1.32e-3"
"UP_SEQ_FEATURE","DOMAIN:NAD(P)-binding","0.50%","8","1433","36","24437","4.36e-3","2.17e-1","3.79","9.99e-1","2.14e-1","9.49e-4"
"GOTERM_CC_DIRECT","chloroplast envelope","3.06%","49","1583","589","28749","4.59e-3","4.66e-2","1.51","6.07e-1","4.16e-2","2.85e-3"
"GOTERM_BP_DIRECT","cellular response to water deprivation","0.50%","8","1127","43","22918","4.64e-3","9.86e-2","3.78","9.95e-1","9.45e-2","1.04e-3"
"INTERPRO","Omega/Tau-like","0.44%","7","1408","28","24245","4.72e-3","2.43e-1","4.30","1.00e+0","2.41e-1","8.83e-4"
"INTERPRO","GST_C_Tau","0.44%","7","1408","28","24245","4.72e-3","2.43e-1","4.30","1.00e+0","2.41e-1","8.83e-4"
"INTERPRO","Peptidase_C1A_papain-like","0.50%","8","1408","37","24245","4.85e-3","2.43e-1","3.72","1.00e+0","2.41e-1","1.08e-3"
"INTERPRO","NAD(P)-bd_dom","0.50%","8","1408","37","24245","4.85e-3","2.43e-1","3.72","1.00e+0","2.41e-1","1.08e-3"
"UP_SEQ_FEATURE","MOTIF:Microbody targeting signal","0.69%","11","1433","66","24437","4.86e-3","2.34e-1","2.84","9.99e-1","2.31e-1","1.48e-3"
"GOTERM_MF_DIRECT","transmembrane transporter activity","1.62%","26","1576","258","28424","4.89e-3","2.99e-1","1.82","9.83e-1","2.96e-1","2.48e-3"
"GOTERM_CC_DIRECT","PSII associated light-harvesting complex II","0.25%","4","1583","7","28749","4.92e-3","4.76e-2","10.38","6.33e-1","4.24e-2","2.80e-4"
"GOTERM_MF_DIRECT","identical protein binding","1.56%","25","1576","245","28424","5.02e-3","2.99e-1","1.84","9.85e-1","2.96e-1","2.51e-3"
"UP_SEQ_FEATURE","ZN_FING:B box-type 2; atypical","0.37%","6","1433","20","24437","5.08e-3","2.37e-1","5.12","1.00e+0","2.33e-1","7.64e-4"
"GOTERM_BP_DIRECT","response to absence of light","0.56%","9","1127","55","22918","5.17e-3","1.08e-1","3.33","9.97e-1","1.04e-1","1.34e-3"
"GOTERM_BP_DIRECT","nitrate assimilation","0.50%","8","1127","44","22918","5.28e-3","1.08e-1","3.70","9.98e-1","1.04e-1","1.22e-3"
"UP_KW_LIGAND","Chlorophyll","0.44%","7","465","27","7427","5.53e-3","8.10e-2","4.14","2.16e-1","7.74e-2","1.07e-3"
"INTERPRO","Prot_inhib_I29","0.50%","8","1408","38","24245","5.65e-3","2.77e-1","3.63","1.00e+0","2.74e-1","1.30e-3"
"UP_KW_BIOLOGICAL_PROCESS","Detoxification","0.75%","12","682","71","10503","5.68e-3","1.09e-1","2.60","5.18e-1","1.02e-1","1.89e-3"
"INTERPRO","Glutathione-S-Trfase_C-like","0.62%","10","1408","58","24245","5.92e-3","2.80e-1","2.97","1.00e+0","2.77e-1","1.72e-3"
"UP_SEQ_FEATURE","REGION:PPI","0.44%","7","1433","29","24437","5.94e-3","2.69e-1","4.12","1.00e+0","2.65e-1","1.17e-3"
"INTERPRO","TALE_homeobox","0.37%","6","1408","21","24245","6.09e-3","2.80e-1","4.92","1.00e+0","2.77e-1","9.67e-4"
"INTERPRO","KN_HD","0.37%","6","1408","21","24245","6.09e-3","2.80e-1","4.92","1.00e+0","2.77e-1","9.67e-4"
"UP_KW_BIOLOGICAL_PROCESS","Carbohydrate metabolism","1.56%","25","682","215","10503","6.36e-3","1.09e-1","1.79","5.58e-1","1.02e-1","3.25e-3"
"INTERPRO","Phytocyanin-like","0.50%","8","1408","39","24245","6.55e-3","2.86e-1","3.53","1.00e+0","2.82e-1","1.55e-3"
"GOTERM_BP_DIRECT","sucrose biosynthetic process","0.31%","5","1127","16","22918","6.56e-3","1.31e-1","6.35","9.99e-1","1.26e-1","7.90e-4"
"GOTERM_BP_DIRECT","response to metal ion","0.37%","6","1127","25","22918","6.63e-3","1.31e-1","4.88","1.00e+0","1.26e-1","1.10e-3"
"INTERPRO","Homeodomain-like_sf","2.37%","38","1408","416","24245","6.74e-3","2.86e-1","1.57","1.00e+0","2.82e-1","3.99e-3"
"INTERPRO","NUDIX_hydrolase_dom","0.44%","7","1408","30","24245","6.74e-3","2.86e-1","4.02","1.00e+0","2.82e-1","1.37e-3"
"INTERPRO","Plant_LTP/defense-related","0.44%","7","1408","30","24245","6.74e-3","2.86e-1","4.02","1.00e+0","2.82e-1","1.37e-3"
"UP_KW_BIOLOGICAL_PROCESS","Lipid biosynthesis","1.75%","28","682","252","10503","6.83e-3","1.09e-1","1.71","5.84e-1","1.02e-1","3.68e-3"
"GOTERM_MF_DIRECT","glutathione transferase activity","0.62%","10","1576","62","28424","6.87e-3","3.82e-1","2.91","9.97e-1","3.78e-1","2.05e-3"
"UP_SEQ_FEATURE","TRANSMEM:Helical; Name=3","2.00%","32","1433","331","24437","6.94e-3","3.05e-1","1.65","1.00e+0","3.00e-1","3.92e-3"
"SMART","BBOX","0.44%","7","499","32","9100","6.99e-3","2.52e-1","3.99","7.61e-1","2.50e-1","1.45e-3"
"SMART","ANX","0.25%","4","499","8","9100","7.42e-3","2.52e-1","9.12","7.81e-1","2.50e-1","5.24e-4"
"UP_KW_CELLULAR_COMPONENT","Photosystem I","0.50%","8","1009","37","15965","7.61e-3","6.54e-2","3.42","2.80e-1","6.09e-2","1.85e-3"
"GOTERM_BP_DIRECT","response to ozone","0.44%","7","1127","36","22918","7.63e-3","1.43e-1","3.95","1.00e+0","1.37e-1","1.63e-3"
"GOTERM_BP_DIRECT","toxin catabolic process","0.50%","8","1127","47","22918","7.64e-3","1.43e-1","3.46","1.00e+0","1.37e-1","1.90e-3"
"GOTERM_MF_DIRECT","NAD+ diphosphatase activity","0.25%","4","1576","8","28424","7.70e-3","3.84e-1","9.02","9.98e-1","3.81e-1","5.50e-4"
"GOTERM_BP_DIRECT","regulation of gene expression","0.81%","13","1127","110","22918","7.81e-3","1.43e-1","2.40","1.00e+0","1.37e-1","2.92e-3"
"UP_KW_BIOLOGICAL_PROCESS","Chlorophyll catabolism","0.31%","5","682","13","10503","7.82e-3","1.11e-1","5.92","6.34e-1","1.04e-1","9.44e-4"
"UP_SEQ_FEATURE","DOMAIN:Beta-ketoacyl-[acyl-carrier-protein] synthase III C-terminal","0.37%","6","1433","22","24437","7.82e-3","3.16e-1","4.65","1.00e+0","3.11e-1","1.33e-3"
"UP_SEQ_FEATURE","ZN_FING:B box-type 1; atypical","0.37%","6","1433","22","24437","7.82e-3","3.16e-1","4.65","1.00e+0","3.11e-1","1.33e-3"
"UP_SEQ_FEATURE","ACT_SITE:Proton donor","2.69%","43","1433","486","24437","7.83e-3","3.16e-1","1.51","1.00e+0","3.11e-1","4.88e-3"
"GOTERM_MF_DIRECT","cysteine-type endopeptidase inhibitor activity","0.31%","5","1576","15","28424","7.83e-3","3.84e-1","6.01","9.99e-1","3.81e-1","9.79e-4"
"GOTERM_BP_DIRECT","cellular response to sulfate starvation","0.37%","6","1127","26","22918","7.88e-3","1.43e-1","4.69","1.00e+0","1.37e-1","1.38e-3"
"GOTERM_BP_DIRECT","response to far red light","0.56%","9","1127","59","22918","7.93e-3","1.43e-1","3.10","1.00e+0","1.37e-1","2.23e-3"
"GOTERM_BP_DIRECT","response to mannose","0.25%","4","1127","9","22918","7.95e-3","1.43e-1","9.04","1.00e+0","1.37e-1","6.01e-4"
"INTERPRO","CONSTANS-like_Bbox1","0.44%","7","1408","31","24245","7.96e-3","3.31e-1","3.89","1.00e+0","3.27e-1","1.68e-3"
"GOTERM_CC_DIRECT","extracellular region","13.30%","213","1583","3299","28749","8.33e-3","7.68e-2","1.17","8.17e-1","6.85e-2","7.26e-3"
"INTERPRO","Annexin_sf","0.25%","4","1408","8","24245","8.76e-3","3.44e-1","8.61","1.00e+0","3.40e-1","6.56e-4"
"INTERPRO","Annexin","0.25%","4","1408","8","24245","8.76e-3","3.44e-1","8.61","1.00e+0","3.40e-1","6.56e-4"
"INTERPRO","Annexin_repeat","0.25%","4","1408","8","24245","8.76e-3","3.44e-1","8.61","1.00e+0","3.40e-1","6.56e-4"
"UP_KW_MOLECULAR_FUNCTION","Thiol protease inhibitor","0.31%","5","806","14","12980","8.91e-3","2.23e-1","5.75","4.89e-1","2.23e-1","1.14e-3"
"GOTERM_BP_DIRECT","cell wall organization","1.81%","29","1127","353","22918","8.95e-3","1.58e-1","1.67","1.00e+0","1.52e-1","5.00e-3"
"UP_SEQ_FEATURE","REPEAT:Annexin 2","0.25%","4","1433","8","24437","9.00e-3","3.20e-1","8.53","1.00e+0","3.15e-1","6.81e-4"
"UP_SEQ_FEATURE","REPEAT:Annexin 3","0.25%","4","1433","8","24437","9.00e-3","3.20e-1","8.53","1.00e+0","3.15e-1","6.81e-4"
"UP_SEQ_FEATURE","DOMAIN:Ubiquitin-like 3","0.25%","4","1433","8","24437","9.00e-3","3.20e-1","8.53","1.00e+0","3.15e-1","6.81e-4"
"UP_SEQ_FEATURE","REPEAT:Annexin 1","0.25%","4","1433","8","24437","9.00e-3","3.20e-1","8.53","1.00e+0","3.15e-1","6.81e-4"
"UP_SEQ_FEATURE","REPEAT:Annexin 4","0.25%","4","1433","8","24437","9.00e-3","3.20e-1","8.53","1.00e+0","3.15e-1","6.81e-4"
"GOTERM_MF_DIRECT","oxidoreductase activity","2.25%","36","1576","415","28424","9.26e-3","4.29e-1","1.56","1.00e+0","4.25e-1","5.52e-3"
"INTERPRO","Pept_asp_AS","0.44%","7","1408","32","24245","9.32e-3","3.60e-1","3.77","1.00e+0","3.56e-1","2.05e-3"
"INTERPRO","BFN_sf","0.19%","3","1408","3","24245","9.71e-3","3.61e-1","17.22","1.00e+0","3.57e-1","1.95e-4"
"INTERPRO","Bi_nuclease_dom","0.19%","3","1408","3","24245","9.71e-3","3.61e-1","17.22","1.00e+0","3.57e-1","1.95e-4"
"UP_SEQ_FEATURE","DOMAIN:GST N-terminal","0.62%","10","1433","62","24437","9.74e-3","3.28e-1","2.75","1.00e+0","3.23e-1","3.07e-3"
"UP_SEQ_FEATURE","DOMAIN:Enoyl reductase (ER)","0.44%","7","1433","32","24437","9.76e-3","3.28e-1","3.73","1.00e+0","3.23e-1","2.17e-3"
"UP_SEQ_FEATURE","DOMAIN:BFN","0.19%","3","1433","3","24437","9.89e-3","3.28e-1","17.05","1.00e+0","3.23e-1","2.01e-4"
"UP_KW_DOMAIN","Annexin","0.25%","4","954","8","15660","9.98e-3","6.32e-2","8.21","1.74e-1","6.32e-2","7.86e-4"
"KEGG_PATHWAY","Pyruvate metabolism","0.87%","14","367","97","5592","1.00e-2","8.77e-2","2.20","6.99e-1","7.66e-2","4.04e-3"
"GOTERM_BP_DIRECT","suberin biosynthetic process","0.31%","5","1127","18","22918","1.02e-2","1.78e-1","5.65","1.00e+0","1.70e-1","1.43e-3"
"KEGG_PATHWAY","Glycolysis / Gluconeogenesis","1.00%","16","367","119","5592","1.03e-2","8.77e-2","2.05","7.09e-1","7.66e-2","4.50e-3"
"KEGG_PATHWAY","Fatty acid degradation","0.56%","9","367","47","5592","1.03e-2","8.77e-2","2.92","7.09e-1","7.66e-2","3.00e-3"
"GOTERM_BP_DIRECT","cold acclimation","0.56%","9","1127","62","22918","1.06e-2","1.82e-1","2.95","1.00e+0","1.75e-1","3.16e-3"
"UP_SEQ_FEATURE","PROPEP:Activation peptide","0.75%","12","1433","85","24437","1.07e-2","3.46e-1","2.41","1.00e+0","3.41e-1","3.91e-3"
"UP_KW_LIGAND","Calcium/phospholipid-binding","0.25%","4","465","8","7427","1.07e-2","1.18e-1","7.99","3.77e-1","1.12e-1","8.67e-4"
"SMART","PKS_ER","0.44%","7","499","35","9100","1.09e-2","3.18e-1","3.65","8.93e-1","3.15e-1","2.51e-3"
"GOTERM_BP_DIRECT","response to low light intensity stimulus","0.25%","4","1127","10","22918","1.09e-2","1.85e-1","8.13","1.00e+0","1.77e-1","9.62e-4"
"GOTERM_MF_DIRECT","ubiquitin protein ligase activity","1.06%","17","1576","153","28424","1.10e-2","4.81e-1","2.00","1.00e+0","4.77e-1","4.96e-3"
"UP_KW_BIOLOGICAL_PROCESS","Symport","0.81%","13","682","88","10503","1.10e-2","1.37e-1","2.28","7.57e-1","1.28e-1","4.26e-3"
"UP_SEQ_FEATURE","MOTIF:Nudix box","0.44%","7","1433","33","24437","1.13e-2","3.53e-1","3.62","1.00e+0","3.48e-1","2.61e-3"
"UP_SEQ_FEATURE","DOMAIN:Nudix hydrolase","0.44%","7","1433","33","24437","1.13e-2","3.53e-1","3.62","1.00e+0","3.48e-1","2.61e-3"
"GOTERM_MF_DIRECT","acid phosphatase activity","0.56%","9","1576","56","28424","1.16e-2","4.83e-1","2.90","1.00e+0","4.79e-1","3.46e-3"
"GOTERM_CC_DIRECT","vacuole","2.06%","33","1583","380","28749","1.16e-2","1.03e-1","1.58","9.07e-1","9.17e-2","6.89e-3"
"UP_KW_BIOLOGICAL_PROCESS","Amino-acid transport","0.69%","11","682","68","10503","1.17e-2","1.37e-1","2.49","7.79e-1","1.28e-1","4.10e-3"
"GOTERM_BP_DIRECT","response to auxin","1.69%","27","1127","329","22918","1.19e-2","1.96e-1","1.67","1.00e+0","1.87e-1","6.69e-3"
"UP_SEQ_FEATURE","LIPID:GPI-anchor amidated serine","0.81%","13","1433","98","24437","1.20e-2","3.66e-1","2.26","1.00e+0","3.61e-1","4.72e-3"
"INTERPRO","Glutathione_S-Trfase_N","0.62%","10","1408","65","24245","1.24e-2","4.42e-1","2.65","1.00e+0","4.37e-1","4.08e-3"
"GOTERM_CC_DIRECT","vacuolar membrane","1.00%","16","1583","143","28749","1.24e-2","1.05e-1","2.03","9.21e-1","9.36e-2","5.52e-3"
"GOTERM_BP_DIRECT","cellular oxidant detoxification","0.31%","5","1127","19","22918","1.24e-2","1.96e-1","5.35","1.00e+0","1.87e-1","1.86e-3"
"GOTERM_BP_DIRECT","protein autoubiquitination","0.31%","5","1127","19","22918","1.24e-2","1.96e-1","5.35","1.00e+0","1.87e-1","1.86e-3"
"GOTERM_BP_DIRECT","response to starvation","0.31%","5","1127","19","22918","1.24e-2","1.96e-1","5.35","1.00e+0","1.87e-1","1.86e-3"
"GOTERM_BP_DIRECT","phosphate ion homeostasis","0.31%","5","1127","19","22918","1.24e-2","1.96e-1","5.35","1.00e+0","1.87e-1","1.86e-3"
"INTERPRO","Znf_B-box","0.44%","7","1408","34","24245","1.25e-2","4.42e-1","3.55","1.00e+0","4.37e-1","2.96e-3"
"INTERPRO","Atg8-like","0.25%","4","1408","9","24245","1.26e-2","4.42e-1","7.65","1.00e+0","4.37e-1","1.13e-3"
"INTERPRO","Phytocyanin_dom","0.50%","8","1408","44","24245","1.27e-2","4.42e-1","3.13","1.00e+0","4.37e-1","3.46e-3"
"UP_SEQ_FEATURE","LIPID:Phosphatidylethanolamine amidated glycine","0.25%","4","1433","9","24437","1.29e-2","3.76e-1","7.58","1.00e+0","3.70e-1","1.17e-3"
"UP_SEQ_FEATURE","LIPID:Phosphatidylserine amidated glycine; alternate","0.25%","4","1433","9","24437","1.29e-2","3.76e-1","7.58","1.00e+0","3.70e-1","1.17e-3"
"UP_SEQ_FEATURE","DOMAIN:B box-type","0.44%","7","1433","34","24437","1.31e-2","3.76e-1","3.51","1.00e+0","3.70e-1","3.12e-3"
"UP_KW_CELLULAR_COMPONENT","Peroxisome","1.25%","20","1009","173","15965","1.31e-2","9.40e-2","1.83","4.33e-1","8.75e-2","6.51e-3"
"UP_SEQ_FEATURE","DOMAIN:Phytocyanin","0.50%","8","1433","44","24437","1.33e-2","3.76e-1","3.10","1.00e+0","3.70e-1","3.67e-3"
"GOTERM_BP_DIRECT","positive regulation of reactive oxygen species biosynthetic process","0.19%","3","1127","4","22918","1.35e-2","2.10e-1","15.25","1.00e+0","2.01e-1","4.57e-4"
"UP_SEQ_FEATURE","DOMAIN:UspA","0.37%","6","1433","25","24437","1.36e-2","3.78e-1","4.09","1.00e+0","3.72e-1","2.71e-3"
"UP_SEQ_FEATURE","DOMAIN:bZIP","0.56%","9","1433","55","24437","1.42e-2","3.85e-1","2.79","1.00e+0","3.79e-1","4.42e-3"
"INTERPRO","NUDIX_hydrolase-like_dom_sf","0.44%","7","1408","35","24245","1.44e-2","4.86e-1","3.44","1.00e+0","4.81e-1","3.52e-3"
"INTERPRO","PKS_ER","0.44%","7","1408","35","24245","1.44e-2","4.86e-1","3.44","1.00e+0","4.81e-1","3.52e-3"
"UP_SEQ_FEATURE","DOMAIN:GST C-terminal","0.62%","10","1433","66","24437","1.44e-2","3.85e-1","2.58","1.00e+0","3.79e-1","4.88e-3"
"GOTERM_BP_DIRECT","vitamin E biosynthetic process","0.25%","4","1127","11","22918","1.45e-2","2.17e-1","7.39","1.00e+0","2.08e-1","1.45e-3"
"GOTERM_BP_DIRECT","flavonoid biosynthetic process","0.37%","6","1127","30","22918","1.45e-2","2.17e-1","4.07","1.00e+0","2.08e-1","3.00e-3"
"UP_KW_PTM","GPI-anchor","1.50%","24","433","194","5882","1.45e-2","1.60e-1","1.68","2.65e-1","1.46e-1","7.87e-3"
"GOTERM_BP_DIRECT","response to salicylic acid","0.87%","14","1127","134","22918","1.48e-2","2.17e-1","2.12","1.00e+0","2.08e-1","6.30e-3"
"KEGG_PATHWAY","Fatty acid metabolism","0.69%","11","367","70","5592","1.49e-2","1.18e-1","2.39","8.32e-1","1.03e-1","5.42e-3"
"GOTERM_BP_DIRECT","long-day photoperiodism, flowering","0.31%","5","1127","20","22918","1.49e-2","2.17e-1","5.08","1.00e+0","2.08e-1","2.38e-3"
"GOTERM_BP_DIRECT","cutin biosynthetic process","0.31%","5","1127","20","22918","1.49e-2","2.17e-1","5.08","1.00e+0","2.08e-1","2.38e-3"
"GOTERM_CC_DIRECT","plastid","4.62%","74","1583","1025","28749","1.50e-2","1.22e-1","1.31","9.53e-1","1.08e-1","1.06e-2"
"GOTERM_MF_DIRECT","NADH pyrophosphatase activity","0.25%","4","1576","10","28424","1.52e-2","5.93e-1","7.21","1.00e+0","5.88e-1","1.51e-3"
"GOTERM_BP_DIRECT","cellular response to nitrogen starvation","0.44%","7","1127","42","22918","1.60e-2","2.30e-1","3.39","1.00e+0","2.21e-1","4.07e-3"
"GOTERM_MF_DIRECT","lipid binding","1.06%","17","1576","160","28424","1.63e-2","5.93e-1","1.92","1.00e+0","5.88e-1","7.72e-3"
"GOTERM_BP_DIRECT","cell wall biogenesis","0.56%","9","1127","67","22918","1.66e-2","2.35e-1","2.73","1.00e+0","2.25e-1","5.35e-3"
"UP_KW_PTM","Acetylation","5.37%","86","433","935","5882","1.70e-2","1.60e-1","1.25","3.03e-1","1.46e-1","1.30e-2"
"GOTERM_MF_DIRECT","phosphoglucomutase activity","0.19%","3","1576","4","28424","1.71e-2","5.93e-1","13.53","1.00e+0","5.88e-1","6.52e-4"
"GOTERM_MF_DIRECT","long-chain-fatty-acyl-CoA reductase activity","0.19%","3","1576","4","28424","1.71e-2","5.93e-1","13.53","1.00e+0","5.88e-1","6.52e-4"
"GOTERM_BP_DIRECT","lipid catabolic process","1.12%","18","1127","197","22918","1.76e-2","2.46e-1","1.86","1.00e+0","2.36e-1","8.65e-3"
"GOTERM_BP_DIRECT","positive regulation of leaf senescence","0.31%","5","1127","21","22918","1.78e-2","2.46e-1","4.84","1.00e+0","2.36e-1","3.00e-3"
"KEGG_PATHWAY","Propanoate metabolism","0.50%","8","367","42","5592","1.79e-2","1.33e-1","2.90","8.84e-1","1.16e-1","5.23e-3"
"INTERPRO","Zf-FLZ_dom","0.31%","5","1408","18","24245","1.80e-2","5.40e-1","4.78","1.00e+0","5.34e-1","2.97e-3"
"UP_KW_MOLECULAR_FUNCTION","Thiol protease","0.87%","14","806","110","12980","1.85e-2","3.46e-1","2.05","7.53e-1","3.46e-1","8.05e-3"
"UP_SEQ_FEATURE","ZN_FING:FLZ-type","0.31%","5","1433","18","24437","1.86e-2","4.74e-1","4.74","1.00e+0","4.66e-1","3.10e-3"
"UP_SEQ_FEATURE","DOMAIN:FLZ-type","0.31%","5","1433","18","24437","1.86e-2","4.74e-1","4.74","1.00e+0","4.66e-1","3.10e-3"
"GOTERM_BP_DIRECT","response to symbiotic fungus","0.25%","4","1127","12","22918","1.86e-2","2.52e-1","6.78","1.00e+0","2.42e-1","2.10e-3"
"GOTERM_BP_DIRECT","drought recovery","0.25%","4","1127","12","22918","1.86e-2","2.52e-1","6.78","1.00e+0","2.42e-1","2.10e-3"
"INTERPRO","Catalase_AS","0.19%","3","1408","4","24245","1.87e-2","5.40e-1","12.91","1.00e+0","5.34e-1","7.48e-4"
"INTERPRO","Remorin_N","0.19%","3","1408","4","24245","1.87e-2","5.40e-1","12.91","1.00e+0","5.34e-1","7.48e-4"
"INTERPRO","DUF6821","0.19%","3","1408","4","24245","1.87e-2","5.40e-1","12.91","1.00e+0","5.34e-1","7.48e-4"
"INTERPRO","At4g13530-like","0.19%","3","1408","4","24245","1.87e-2","5.40e-1","12.91","1.00e+0","5.34e-1","7.48e-4"
"INTERPRO","Cystatin","0.19%","3","1408","4","24245","1.87e-2","5.40e-1","12.91","1.00e+0","5.34e-1","7.48e-4"
"INTERPRO","A-D-PHexomutase_CS","0.19%","3","1408","4","24245","1.87e-2","5.40e-1","12.91","1.00e+0","5.34e-1","7.48e-4"
"INTERPRO","PGM","0.19%","3","1408","4","24245","1.87e-2","5.40e-1","12.91","1.00e+0","5.34e-1","7.48e-4"
"INTERPRO","AGP3/12/13/14/21","0.19%","3","1408","4","24245","1.87e-2","5.40e-1","12.91","1.00e+0","5.34e-1","7.48e-4"
"INTERPRO","LNK","0.19%","3","1408","4","24245","1.87e-2","5.40e-1","12.91","1.00e+0","5.34e-1","7.48e-4"
"INTERPRO","SDR_fam","0.75%","12","1408","93","24245","1.88e-2","5.40e-1","2.22","1.00e+0","5.34e-1","7.50e-3"
"GOTERM_CC_DIRECT","endoplasmic reticulum membrane","2.69%","43","1583","546","28749","1.89e-2","1.47e-1","1.43","9.79e-1","1.31e-1","1.22e-2"
"UP_SEQ_FEATURE","DOMAIN:Remorin N-terminal","0.19%","3","1433","4","24437","1.90e-2","4.74e-1","12.79","1.00e+0","4.66e-1","7.70e-4"
"UP_SEQ_FEATURE","DOMAIN:DUF6821","0.19%","3","1433","4","24437","1.90e-2","4.74e-1","12.79","1.00e+0","4.66e-1","7.70e-4"
"GOTERM_MF_DIRECT","ubiquitin conjugating enzyme activity","0.44%","7","1576","39","28424","1.95e-2","6.48e-1","3.24","1.00e+0","6.43e-1","5.13e-3"
"INTERPRO","Glutathione-S-Trfase_C_sf","0.62%","10","1408","70","24245","1.95e-2","5.55e-1","2.46","1.00e+0","5.48e-1","6.97e-3"
"UP_KW_BIOLOGICAL_PROCESS","Autophagy","0.50%","8","682","43","10503","1.95e-2","2.03e-1","2.87","9.20e-1","1.90e-1","5.79e-3"
"GOTERM_CC_DIRECT","autophagosome membrane","0.25%","4","1583","11","28749","1.97e-2","1.48e-1","6.60","9.82e-1","1.32e-1","2.21e-3"
"GOTERM_BP_DIRECT","autophagy","0.44%","7","1127","44","22918","1.99e-2","2.65e-1","3.24","1.00e+0","2.54e-1","5.31e-3"
"KEGG_PATHWAY","Cutin, suberine and wax biosynthesis","0.50%","8","367","43","5592","2.02e-2","1.38e-1","2.83","9.12e-1","1.21e-1","6.07e-3"
"UP_KW_BIOLOGICAL_PROCESS","Nitrate assimilation","0.44%","7","682","34","10503","2.06e-2","2.03e-1","3.17","9.30e-1","1.90e-1","5.43e-3"
"KEGG_PATHWAY","Biosynthesis of unsaturated fatty acids","0.37%","6","367","25","5592","2.09e-2","1.38e-1","3.66","9.19e-1","1.21e-1","4.67e-3"
"GOTERM_BP_DIRECT","fatty acid beta-oxidation","0.37%","6","1127","33","22918","2.14e-2","2.83e-1","3.70","1.00e+0","2.71e-1","4.93e-3"
"GOTERM_MF_DIRECT","amino acid transmembrane transporter activity","0.50%","8","1576","51","28424","2.17e-2","6.88e-1","2.83","1.00e+0","6.83e-1","6.64e-3"
"GOTERM_BP_DIRECT","response to sorbitol","0.19%","3","1127","5","22918","2.18e-2","2.85e-1","12.20","1.00e+0","2.73e-1","1.10e-3"
"UP_KW_PTM","Proteoglycan","0.62%","10","433","57","5882","2.19e-2","1.60e-1","2.38","3.72e-1","1.46e-1","7.90e-3"
"PIR_SUPERFAMILY","AA_transporter","0.31%","5","113","17","1693","2.21e-2","9.38e-1","4.41","8.50e-1","9.38e-1","3.92e-3"
"GOTERM_MF_DIRECT","phosphatidic acid binding","0.31%","5","1576","20","28424","2.23e-2","6.88e-1","4.51","1.00e+0","6.83e-1","4.01e-3"
"INTERPRO","CAD-like","0.25%","4","1408","11","24245","2.26e-2","6.27e-1","6.26","1.00e+0","6.20e-1","2.69e-3"
"INTERPRO","D-isomer_DH_CS1","0.25%","4","1408","11","24245","2.26e-2","6.27e-1","6.26","1.00e+0","6.20e-1","2.69e-3"
"SMART","LRR_CC","0.44%","7","499","41","9100","2.29e-2","5.85e-1","3.11","9.91e-1","5.79e-1","6.33e-3"
"GOTERM_BP_DIRECT","red, far-red light phototransduction","0.50%","8","1127","58","22918","2.30e-2","2.97e-1","2.80","1.00e+0","2.84e-1","7.19e-3"
"UP_SEQ_FEATURE","TRANSIT:Peroxisome","0.25%","4","1433","11","24437","2.32e-2","5.69e-1","6.20","1.00e+0","5.60e-1","2.79e-3"
"INTERPRO","PAP/fibrillin_dom","0.37%","6","1408","29","24245","2.42e-2","6.63e-1","3.56","1.00e+0","6.55e-1","5.69e-3"
"GOTERM_BP_DIRECT","cutin-based cuticle development","0.31%","5","1127","23","22918","2.43e-2","3.07e-1","4.42","1.00e+0","2.94e-1","4.57e-3"
"GOTERM_BP_DIRECT","starch catabolic process","0.31%","5","1127","23","22918","2.43e-2","3.07e-1","4.42","1.00e+0","2.94e-1","4.57e-3"
"UP_SEQ_FEATURE","MOTIF:Histidine box-2","0.37%","6","1433","29","24437","2.52e-2","5.87e-1","3.53","1.00e+0","5.78e-1","5.96e-3"
"UP_SEQ_FEATURE","MOTIF:Histidine box-3","0.37%","6","1433","29","24437","2.52e-2","5.87e-1","3.53","1.00e+0","5.78e-1","5.96e-3"
"UP_SEQ_FEATURE","MOTIF:Histidine box-1","0.37%","6","1433","29","24437","2.52e-2","5.87e-1","3.53","1.00e+0","5.78e-1","5.96e-3"
"UP_KW_CELLULAR_COMPONENT","Chloroplast","8.00%","128","1009","1707","15965","2.54e-2","1.51e-1","1.19","6.69e-1","1.40e-1","2.05e-2"
"GOTERM_MF_DIRECT","calcium-dependent phospholipid binding","0.25%","4","1576","12","28424","2.56e-2","7.14e-1","6.01","1.00e+0","7.08e-1","3.25e-3"
"GOTERM_MF_DIRECT","trehalose-phosphatase activity","0.25%","4","1576","12","28424","2.56e-2","7.14e-1","6.01","1.00e+0","7.08e-1","3.25e-3"
"GOTERM_MF_DIRECT","catalytic activity","0.81%","13","1576","115","28424","2.57e-2","7.14e-1","2.04","1.00e+0","7.08e-1","1.13e-2"
"INTERPRO","GH3","0.31%","5","1408","20","24245","2.59e-2","6.88e-1","4.30","1.00e+0","6.80e-1","4.88e-3"
"INTERPRO","Ub_conjugating_enzyme","0.31%","5","1408","20","24245","2.59e-2","6.88e-1","4.30","1.00e+0","6.80e-1","4.88e-3"
"UP_KW_DOMAIN","Homeobox","1.19%","19","954","180","15660","2.61e-2","1.07e-1","1.73","3.95e-1","1.07e-1","1.37e-2"
"INTERPRO","AB_hydrolase_1","0.75%","12","1408","98","24245","2.66e-2","6.88e-1","2.11","1.00e+0","6.80e-1","1.12e-2"
"INTERPRO","Thioredoxin-like_sf","1.50%","24","1408","258","24245","2.70e-2","6.88e-1","1.60","1.00e+0","6.80e-1","1.56e-2"
"INTERPRO","Glutathione_S-Trfase","0.50%","8","1408","51","24245","2.71e-2","6.88e-1","2.70","1.00e+0","6.80e-1","8.69e-3"
"INTERPRO","GroES-like_sf","0.50%","8","1408","51","24245","2.71e-2","6.88e-1","2.70","1.00e+0","6.80e-1","8.69e-3"
"GOTERM_CC_DIRECT","endoplasmic reticulum tubular network","0.19%","3","1583","5","28749","2.71e-2","1.96e-1","10.90","9.96e-1","1.75e-1","1.53e-3"
"GOTERM_MF_DIRECT","oxidoreductase activity, acting on the CH-CH group of donors","0.19%","3","1576","5","28424","2.74e-2","7.14e-1","10.82","1.00e+0","7.08e-1","1.56e-3"
"GOTERM_MF_DIRECT","L-glutamine transmembrane transporter activity","0.19%","3","1576","5","28424","2.74e-2","7.14e-1","10.82","1.00e+0","7.08e-1","1.56e-3"
"UP_SEQ_FEATURE","REGION:Basic motif","0.56%","9","1433","62","24437","2.77e-2","6.32e-1","2.48","1.00e+0","6.22e-1","9.78e-3"
"GOTERM_BP_DIRECT","sucrose metabolic process","0.31%","5","1127","24","22918","2.81e-2","3.51e-1","4.24","1.00e+0","3.36e-1","5.54e-3"
"UP_KW_DOMAIN","Transit peptide","9.37%","150","954","2117","15660","2.82e-2","1.07e-1","1.16","4.20e-1","1.07e-1","2.41e-2"
"UP_SEQ_FEATURE","CARBOHYD:O-linked (Ara...) hydroxyproline","0.50%","8","1433","51","24437","2.84e-2","6.32e-1","2.67","1.00e+0","6.22e-1","9.18e-3"
"UP_SEQ_FEATURE","SITE:Important for catalytic activity","0.62%","10","1433","74","24437","2.86e-2","6.32e-1","2.30","1.00e+0","6.22e-1","1.09e-2"
"GOTERM_BP_DIRECT","auxin metabolic process","0.25%","4","1127","14","22918","2.87e-2","3.54e-1","5.81","1.00e+0","3.39e-1","3.92e-3"
"UP_SEQ_FEATURE","LIPID:GPI-anchor amidated asparagine","0.37%","6","1433","30","24437","2.88e-2","6.32e-1","3.41","1.00e+0","6.22e-1","7.09e-3"
"GOTERM_MF_DIRECT","oxidoreductase activity, acting on the CH-OH group of donors, NAD or NADP as acceptor","0.50%","8","1576","54","28424","2.88e-2","7.26e-1","2.67","1.00e+0","7.20e-1","9.38e-3"
"INTERPRO","SPP-like_dom","0.25%","4","1408","12","24245","2.89e-2","7.02e-1","5.74","1.00e+0","6.95e-1","3.85e-3"
"INTERPRO","Ubiquitin-like_domsf","0.94%","15","1408","138","24245","2.97e-2","7.02e-1","1.87","1.00e+0","6.95e-1","1.43e-2"
"KEGG_PATHWAY","Glyoxylate and dicarboxylate metabolism","0.69%","11","367","78","5592","2.98e-2","1.86e-1","2.15","9.73e-1","1.63e-1","1.22e-2"
"INTERPRO","Leu-rich_rpt_Cys-con_subtyp","0.44%","7","1408","41","24245","2.98e-2","7.02e-1","2.94","1.00e+0","6.95e-1","8.69e-3"
"INTERPRO","MFMR","0.19%","3","1408","5","24245","2.99e-2","7.02e-1","10.33","1.00e+0","6.95e-1","1.79e-3"
"INTERPRO","Pyr-5-nucltdase","0.19%","3","1408","5","24245","2.99e-2","7.02e-1","10.33","1.00e+0","6.95e-1","1.79e-3"
"INTERPRO","BAG_chaperone_regulator","0.19%","3","1408","5","24245","2.99e-2","7.02e-1","10.33","1.00e+0","6.95e-1","1.79e-3"
"INTERPRO","Prot_inh_cystat_CS","0.19%","3","1408","5","24245","2.99e-2","7.02e-1","10.33","1.00e+0","6.95e-1","1.79e-3"
"UP_KW_CELLULAR_COMPONENT","Cytoplasm","10.31%","165","1009","2267","15965","3.06e-2","1.51e-1","1.15","7.37e-1","1.40e-1","2.54e-2"
"INTERPRO","Cystatin_sf","0.31%","5","1408","21","24245","3.06e-2","7.04e-1","4.10","1.00e+0","6.96e-1","6.11e-3"
"INTERPRO","HAD-SF_hydro_IA","0.31%","5","1408","21","24245","3.06e-2","7.04e-1","4.10","1.00e+0","6.96e-1","6.11e-3"
"GOTERM_BP_DIRECT","response to gibberellin","0.62%","10","1127","89","22918","3.06e-2","3.74e-1","2.28","1.00e+0","3.59e-1","1.20e-2"
"SMART","POX","0.25%","4","499","13","9100","3.09e-2","6.38e-1","5.61","9.98e-1","6.32e-1","4.29e-3"
"UP_KW_MOLECULAR_FUNCTION","Dioxygenase","0.87%","14","806","118","12980","3.10e-2","4.52e-1","1.91","9.05e-1","4.52e-1","1.45e-2"
"INTERPRO","PLC-like_Pdiesterase_TIM-brl","0.37%","6","1408","31","24245","3.15e-2","7.12e-1","3.33","1.00e+0","7.04e-1","7.98e-3"
"UP_KW_CELLULAR_COMPONENT","Plastid","8.00%","128","1009","1719","15965","3.16e-2","1.51e-1","1.18","7.48e-1","1.40e-1","2.65e-2"
"SMART","SANT","1.31%","21","499","234","9100","3.16e-2","6.38e-1","1.64","9.99e-1","6.32e-1","1.77e-2"
"INTERPRO","Glycoside_hydrolase_SF","1.31%","21","1408","220","24245","3.16e-2","7.12e-1","1.64","1.00e+0","7.04e-1","1.76e-2"
"GOTERM_BP_DIRECT","abscission","0.19%","3","1127","6","22918","3.17e-2","3.76e-1","10.17","1.00e+0","3.60e-1","2.12e-3"
"GOTERM_BP_DIRECT","response to microbial phytotoxin","0.19%","3","1127","6","22918","3.17e-2","3.76e-1","10.17","1.00e+0","3.60e-1","2.12e-3"
"GOTERM_BP_DIRECT","hydrogen peroxide transmembrane transport","0.19%","3","1127","6","22918","3.17e-2","3.76e-1","10.17","1.00e+0","3.60e-1","2.12e-3"
"UP_SEQ_FEATURE","ZN_FING:RING-type; atypical","1.00%","16","1433","151","24437","3.18e-2","6.89e-1","1.81","1.00e+0","6.78e-1","1.59e-2"
"GOTERM_BP_DIRECT","response to temperature stimulus","0.44%","7","1127","49","22918","3.20e-2","3.76e-1","2.91","1.00e+0","3.60e-1","9.63e-3"
"GOTERM_CC_DIRECT","chloroplast stroma","3.37%","54","1583","742","28749","3.23e-2","2.23e-1","1.32","9.99e-1","1.99e-1","2.31e-2"
"UP_SEQ_FEATURE","DOMAIN:AB hydrolase-1","0.69%","11","1433","88","24437","3.30e-2","7.03e-1","2.13","1.00e+0","6.93e-1","1.37e-2"
"GOTERM_CC_DIRECT","cytoplasmic vesicle","0.37%","6","1583","33","28749","3.30e-2","2.23e-1","3.30","9.99e-1","1.99e-1","8.49e-3"
"INTERPRO","ADH-like_C","0.44%","7","1408","42","24245","3.31e-2","7.29e-1","2.87","1.00e+0","7.20e-1","9.91e-3"
"KEGG_PATHWAY","Glutathione metabolism","0.81%","13","367","102","5592","3.34e-2","1.99e-1","1.94","9.82e-1","1.74e-1","1.53e-2"
"GOTERM_MF_DIRECT","xyloglucan:xyloglucosyl transferase activity","0.37%","6","1576","33","28424","3.38e-2","8.29e-1","3.28","1.00e+0","8.22e-1","8.77e-3"
"SMART","HOX","0.69%","11","499","95","9100","3.44e-2","6.38e-1","2.11","9.99e-1","6.32e-1","1.45e-2"
"GOTERM_BP_DIRECT","cellular response to light stimulus","0.25%","4","1127","15","22918","3.46e-2","4.01e-1","5.42","1.00e+0","3.84e-1","5.13e-3"
"INTERPRO","ADH_Zn_CS","0.31%","5","1408","22","24245","3.58e-2","7.29e-1","3.91","1.00e+0","7.20e-1","7.53e-3"
"INTERPRO","TF_AMS/ICE1/BHLH6-like","0.25%","4","1408","13","24245","3.60e-2","7.29e-1","5.30","1.00e+0","7.20e-1","5.30e-3"
"INTERPRO","Glyas_Bleomycin-R_OHBP_Dase","0.25%","4","1408","13","24245","3.60e-2","7.29e-1","5.30","1.00e+0","7.20e-1","5.30e-3"
"INTERPRO","POX_dom","0.25%","4","1408","13","24245","3.60e-2","7.29e-1","5.30","1.00e+0","7.20e-1","5.30e-3"
"INTERPRO","CAT_C","0.25%","4","1408","13","24245","3.60e-2","7.29e-1","5.30","1.00e+0","7.20e-1","5.30e-3"
"UP_KW_MOLECULAR_FUNCTION","Hydrolase","11.93%","191","806","2730","12980","3.62e-2","4.52e-1","1.13","9.37e-1","4.52e-1","3.16e-2"
"INTERPRO","UDP_glycos_trans_CS","0.62%","10","1408","78","24245","3.64e-2","7.29e-1","2.21","1.00e+0","7.20e-1","1.46e-2"
"GOTERM_BP_DIRECT","photosystem II assembly","0.31%","5","1127","26","22918","3.66e-2","4.16e-1","3.91","1.00e+0","3.99e-1","7.91e-3"
"GOTERM_BP_DIRECT","isoprenoid biosynthetic process","0.31%","5","1127","26","22918","3.66e-2","4.16e-1","3.91","1.00e+0","3.99e-1","7.91e-3"
"INTERPRO","TF_Kbox","0.44%","7","1408","43","24245","3.67e-2","7.29e-1","2.80","1.00e+0","7.20e-1","1.13e-2"
"UP_KW_BIOLOGICAL_PROCESS","Transport","10.31%","165","682","2236","10503","3.69e-2","3.37e-1","1.14","9.92e-1","3.16e-1","3.11e-2"
"UP_SEQ_FEATURE","REGION:SR/KY domain","0.25%","4","1433","13","24437","3.69e-2","7.66e-1","5.25","1.00e+0","7.54e-1","5.49e-3"
"UP_SEQ_FEATURE","REGION:BELL domain","0.25%","4","1433","13","24437","3.69e-2","7.66e-1","5.25","1.00e+0","7.54e-1","5.49e-3"
"GOTERM_MF_DIRECT","hydrolase activity, hydrolyzing O-glycosyl compounds","0.75%","12","1576","108","28424","3.71e-2","8.33e-1","2.00","1.00e+0","8.26e-1","1.66e-2"
"GOTERM_BP_DIRECT","cellular response to salt stress","0.37%","6","1127","38","22918","3.71e-2","4.18e-1","3.21","1.00e+0","4.01e-1","9.99e-3"
"GOTERM_MF_DIRECT","kinase binding","0.50%","8","1576","57","28424","3.73e-2","8.33e-1","2.53","1.00e+0","8.26e-1","1.29e-2"
"INTERPRO","SANT/Myb","1.69%","27","1408","309","24245","3.74e-2","7.29e-1","1.50","1.00e+0","7.20e-1","2.29e-2"
"COG_ONTOLOGY","Signal transduction mechanisms / Cytoskeleton / Cell division and chromosome partitioning / General function prediction only","0.37%","6","160","31","2588","3.81e-2","3.05e-1","3.13","6.21e-1","3.05e-1","1.03e-2"
"UP_SEQ_FEATURE","MOTIF:EAR-like (transcriptional repression)","0.44%","7","1433","43","24437","3.82e-2","7.70e-1","2.78","1.00e+0","7.59e-1","1.18e-2"
"UP_SEQ_FEATURE","DOMAIN:K-box","0.44%","7","1433","43","24437","3.82e-2","7.70e-1","2.78","1.00e+0","7.59e-1","1.18e-2"
"SMART","Pro_CA","0.19%","3","499","6","9100","3.87e-2","6.47e-1","9.12","1.00e+0","6.41e-1","2.89e-3"
"GOTERM_MF_DIRECT","fatty acid binding","0.25%","4","1576","14","28424","3.91e-2","8.33e-1","5.15","1.00e+0","8.26e-1","6.02e-3"
"GOTERM_MF_DIRECT","cinnamyl-alcohol dehydrogenase activity","0.25%","4","1576","14","28424","3.91e-2","8.33e-1","5.15","1.00e+0","8.26e-1","6.02e-3"
"GOTERM_CC_DIRECT","central vacuole","0.19%","3","1583","6","28749","3.91e-2","2.56e-1","9.08","1.00e+0","2.29e-1","2.94e-3"
"GOTERM_MF_DIRECT","indole-3-acetic acid amido synthetase activity","0.19%","3","1576","6","28424","3.96e-2","8.33e-1","9.02","1.00e+0","8.26e-1","3.00e-3"
"GOTERM_MF_DIRECT","cysteine-type peptidase activity","0.62%","10","1576","83","28424","4.00e-2","8.33e-1","2.17","1.00e+0","8.26e-1","1.63e-2"
"UP_KW_PTM","Zymogen","0.87%","14","433","104","5882","4.00e-2","1.87e-1","1.83","5.76e-1","1.70e-1","1.95e-2"
"INTERPRO","XTH","0.37%","6","1408","33","24245","4.01e-2","7.29e-1","3.13","1.00e+0","7.20e-1","1.09e-2"
"INTERPRO","XET_C","0.37%","6","1408","33","24245","4.01e-2","7.29e-1","3.13","1.00e+0","7.20e-1","1.09e-2"
"INTERPRO","UBQ-conjugating_AS","0.37%","6","1408","33","24245","4.01e-2","7.29e-1","3.13","1.00e+0","7.20e-1","1.09e-2"
"INTERPRO","GH16","0.37%","6","1408","33","24245","4.01e-2","7.29e-1","3.13","1.00e+0","7.20e-1","1.09e-2"
"INTERPRO","Beta-glucanase/XTH","0.37%","6","1408","33","24245","4.01e-2","7.29e-1","3.13","1.00e+0","7.20e-1","1.09e-2"
"UP_KW_LIGAND","NAD","2.12%","34","465","387","7427","4.03e-2","2.97e-1","1.40","8.37e-1","2.84e-1","2.71e-2"
"UP_KW_LIGAND","Lipid-binding","0.87%","14","465","122","7427","4.05e-2","2.97e-1","1.83","8.38e-1","2.84e-1","1.98e-2"
"KEGG_PATHWAY","Glycerolipid metabolism","0.62%","10","367","71","5592","4.06e-2","2.30e-1","2.15","9.93e-1","2.01e-1","1.66e-2"
"GOTERM_BP_DIRECT","protein dephosphorylation","0.37%","6","1127","39","22918","4.09e-2","4.53e-1","3.13","1.00e+0","4.34e-1","1.13e-2"
"UP_KW_CELLULAR_COMPONENT","Endoplasmic reticulum","3.56%","57","1009","701","15965","4.10e-2","1.76e-1","1.29","8.35e-1","1.64e-1","3.02e-2"
"GOTERM_BP_DIRECT","sodium ion transport","0.25%","4","1127","16","22918","4.10e-2","4.53e-1","5.08","1.00e+0","4.34e-1","6.58e-3"
"INTERPRO","NAC_dom_sf","0.81%","13","1408","118","24245","4.13e-2","7.29e-1","1.90","1.00e+0","7.20e-1","1.95e-2"
"INTERPRO","NAC-dom","0.81%","13","1408","118","24245","4.13e-2","7.29e-1","1.90","1.00e+0","7.20e-1","1.95e-2"
"INTERPRO","PTR2_symporter_CS","0.31%","5","1408","23","24245","4.14e-2","7.29e-1","3.74","1.00e+0","7.20e-1","9.17e-3"
"UP_SEQ_FEATURE","DOMAIN:GH16","0.37%","6","1433","33","24437","4.15e-2","8.27e-1","3.10","1.00e+0","8.15e-1","1.14e-2"
"INTERPRO","Ig_E-set","0.50%","8","1408","56","24245","4.24e-2","7.29e-1","2.46","1.00e+0","7.20e-1","1.50e-2"
"UP_KW_PTM","Lipoprotein","3.44%","55","433","586","5882","4.25e-2","1.87e-1","1.27","5.98e-1","1.70e-1","3.20e-2"
"GOTERM_BP_DIRECT","programmed cell death involved in cell development","0.19%","3","1127","7","22918","4.30e-2","4.57e-1","8.72","1.00e+0","4.38e-1","3.58e-3"
"GOTERM_BP_DIRECT","endoplasmic reticulum tubular network organization","0.19%","3","1127","7","22918","4.30e-2","4.57e-1","8.72","1.00e+0","4.38e-1","3.58e-3"
"GOTERM_BP_DIRECT","cellular response to sucrose starvation","0.19%","3","1127","7","22918","4.30e-2","4.57e-1","8.72","1.00e+0","4.38e-1","3.58e-3"
"GOTERM_BP_DIRECT","branched-chain amino acid catabolic process","0.19%","3","1127","7","22918","4.30e-2","4.57e-1","8.72","1.00e+0","4.38e-1","3.58e-3"
"INTERPRO","Catalase_immune_responsive","0.19%","3","1408","6","24245","4.32e-2","7.29e-1","8.61","1.00e+0","7.20e-1","3.42e-3"
"INTERPRO","HAD_2","0.19%","3","1408","6","24245","4.32e-2","7.29e-1","8.61","1.00e+0","7.20e-1","3.42e-3"
"INTERPRO","Beta_CA_cladeB","0.19%","3","1408","6","24245","4.32e-2","7.29e-1","8.61","1.00e+0","7.20e-1","3.42e-3"
"INTERPRO","Catalase_haem_BS","0.19%","3","1408","6","24245","4.32e-2","7.29e-1","8.61","1.00e+0","7.20e-1","3.42e-3"
"INTERPRO","ClpA/B_CS2","0.19%","3","1408","6","24245","4.32e-2","7.29e-1","8.61","1.00e+0","7.20e-1","3.42e-3"
"INTERPRO","Alpha-D-phosphohexomutase_SF","0.19%","3","1408","6","24245","4.32e-2","7.29e-1","8.61","1.00e+0","7.20e-1","3.42e-3"
"INTERPRO","Carbonic_anhydrase","0.19%","3","1408","6","24245","4.32e-2","7.29e-1","8.61","1.00e+0","7.20e-1","3.42e-3"
"INTERPRO","A-D-PHexomutase_a/b/a-III","0.19%","3","1408","6","24245","4.32e-2","7.29e-1","8.61","1.00e+0","7.20e-1","3.42e-3"
"INTERPRO","Carbonic_anhydrase_sf","0.19%","3","1408","6","24245","4.32e-2","7.29e-1","8.61","1.00e+0","7.20e-1","3.42e-3"
"INTERPRO","GBF-like","0.19%","3","1408","6","24245","4.32e-2","7.29e-1","8.61","1.00e+0","7.20e-1","3.42e-3"
"INTERPRO","Catalase_clade1/3","0.19%","3","1408","6","24245","4.32e-2","7.29e-1","8.61","1.00e+0","7.20e-1","3.42e-3"
"INTERPRO","Carbonic_anhydrase_CS","0.19%","3","1408","6","24245","4.32e-2","7.29e-1","8.61","1.00e+0","7.20e-1","3.42e-3"
"INTERPRO","A-D-PHexomutase_C_sf","0.19%","3","1408","6","24245","4.32e-2","7.29e-1","8.61","1.00e+0","7.20e-1","3.42e-3"
"INTERPRO","A-D-PHexomutase_a/b/a-II","0.19%","3","1408","6","24245","4.32e-2","7.29e-1","8.61","1.00e+0","7.20e-1","3.42e-3"
"INTERPRO","MLP-like","0.25%","4","1408","14","24245","4.39e-2","7.29e-1","4.92","1.00e+0","7.21e-1","7.09e-3"
"INTERPRO","PDDEXK-like","0.25%","4","1408","14","24245","4.39e-2","7.29e-1","4.92","1.00e+0","7.21e-1","7.09e-3"
"UP_SEQ_FEATURE","REGION:II","0.19%","3","1433","6","24437","4.40e-2","8.31e-1","8.53","1.00e+0","8.19e-1","3.52e-3"
"UP_SEQ_FEATURE","DOMAIN:Catalase core","0.19%","3","1433","6","24437","4.40e-2","8.31e-1","8.53","1.00e+0","8.19e-1","3.52e-3"
"UP_SEQ_FEATURE","DOMAIN:Ubiquitin-like 4","0.19%","3","1433","6","24437","4.40e-2","8.31e-1","8.53","1.00e+0","8.19e-1","3.52e-3"
"UP_SEQ_FEATURE","DOMAIN:NAC","0.81%","13","1433","118","24437","4.40e-2","8.31e-1","1.88","1.00e+0","8.19e-1","2.10e-2"
"INTERPRO","GDSL_lipolytic_enzyme","0.44%","7","1408","45","24245","4.45e-2","7.33e-1","2.68","1.00e+0","7.25e-1","1.44e-2"
"GOTERM_BP_DIRECT","defense response to virus","0.44%","7","1127","53","22918","4.47e-2","4.71e-1","2.69","1.00e+0","4.52e-1","1.46e-2"
"UP_SEQ_FEATURE","ACT_SITE:Nucleophile","3.12%","50","1433","652","24437","4.51e-2","8.42e-1","1.31","1.00e+0","8.30e-1","3.22e-2"
"GOTERM_CC_DIRECT","Golgi apparatus","4.37%","70","1583","1020","28749","4.58e-2","2.91e-1","1.25","1.00e+0","2.59e-1","3.47e-2"
"GOTERM_BP_DIRECT","cell redox homeostasis","0.31%","5","1127","28","22918","4.64e-2","4.80e-1","3.63","1.00e+0","4.60e-1","1.09e-2"
"GOTERM_BP_DIRECT","lipid biosynthetic process","0.31%","5","1127","28","22918","4.64e-2","4.80e-1","3.63","1.00e+0","4.60e-1","1.09e-2"
"GOTERM_MF_DIRECT","calcium-activated cation channel activity","0.25%","4","1576","15","28424","4.69e-2","9.41e-1","4.81","1.00e+0","9.33e-1","7.85e-3"
"GOTERM_MF_DIRECT","sequence-specific DNA binding","1.87%","30","1576","377","28424","4.74e-2","9.41e-1","1.44","1.00e+0","9.33e-1","3.06e-2"
"KEGG_PATHWAY","Ascorbate and aldarate metabolism","0.56%","9","367","62","5592","4.76e-2","2.57e-1","2.21","9.97e-1","2.25e-1","1.88e-2"
"GOTERM_BP_DIRECT","positive regulation of abscisic acid-activated signaling pathway","0.44%","7","1127","54","22918","4.83e-2","4.95e-1","2.64","1.00e+0","4.75e-1","1.61e-2"
"INTERPRO","MFS_trans_sf","1.31%","21","1408","231","24245","4.86e-2","7.95e-1","1.57","1.00e+0","7.86e-1","2.84e-2"
"GOTERM_BP_DIRECT","defense response to insect","0.37%","6","1127","41","22918","4.92e-2","5.01e-1","2.98","1.00e+0","4.80e-1","1.44e-2"
"GOTERM_MF_DIRECT","protein homodimerization activity","1.44%","23","1576","272","28424","4.94e-2","9.57e-1","1.53","1.00e+0","9.49e-1","2.97e-2"
"GOTERM_CC_DIRECT","autophagosome","0.37%","6","1583","37","28749","5.06e-2","3.12e-1","2.95","1.00e+0","2.78e-1","1.48e-2"
"UP_SEQ_FEATURE","DOMAIN:Amino acid transporter transmembrane","0.44%","7","1433","46","24437","5.07e-2","9.34e-1","2.60","1.00e+0","9.20e-1","1.69e-2"
"SMART","BRLZ","0.56%","9","499","75","9100","5.17e-2","6.47e-1","2.19","1.00e+0","6.41e-1","2.09e-2"
"GOTERM_BP_DIRECT","response to mannitol","0.31%","5","1127","29","22918","5.18e-2","5.22e-1","3.51","1.00e+0","5.00e-1","1.26e-2"
"GOTERM_BP_DIRECT","regulation of stomatal movement","0.50%","8","1127","69","22918","5.22e-2","5.22e-1","2.36","1.00e+0","5.00e-1","1.96e-2"
"SMART","Catalase","0.19%","3","499","7","9100","5.23e-2","6.47e-1","7.82","1.00e+0","6.41e-1","4.86e-3"
"SMART","BAG","0.19%","3","499","7","9100","5.23e-2","6.47e-1","7.82","1.00e+0","6.41e-1","4.86e-3"
"INTERPRO","Csc1-like","0.25%","4","1408","15","24245","5.26e-2","8.16e-1","4.59","1.00e+0","8.07e-1","9.23e-3"
"INTERPRO","Csc1/OSCA1-like_N","0.25%","4","1408","15","24245","5.26e-2","8.16e-1","4.59","1.00e+0","8.07e-1","9.23e-3"
"INTERPRO","CSC1/OSCA1-like_cyt","0.25%","4","1408","15","24245","5.26e-2","8.16e-1","4.59","1.00e+0","8.07e-1","9.23e-3"
"INTERPRO","CSC1/OSCA1-like_7TM","0.25%","4","1408","15","24245","5.26e-2","8.16e-1","4.59","1.00e+0","8.07e-1","9.23e-3"
"INTERPRO","Universal_stress_UspA","0.25%","4","1408","15","24245","5.26e-2","8.16e-1","4.59","1.00e+0","8.07e-1","9.23e-3"
"GOTERM_CC_DIRECT","cytoplasmic side of endoplasmic reticulum membrane","0.19%","3","1583","7","28749","5.28e-2","3.15e-1","7.78","1.00e+0","2.81e-1","4.93e-3"
"INTERPRO","MFS","0.44%","7","1408","47","24245","5.32e-2","8.16e-1","2.56","1.00e+0","8.07e-1","1.80e-2"
"INTERPRO","AA_transpt_TM","0.44%","7","1408","47","24245","5.32e-2","8.16e-1","2.56","1.00e+0","8.07e-1","1.80e-2"
"UP_KW_LIGAND","Iron","4.25%","68","465","886","7427","5.32e-2","3.35e-1","1.23","9.10e-1","3.19e-1","4.08e-2"
"GOTERM_MF_DIRECT","transcription regulator activity","0.19%","3","1576","7","28424","5.35e-2","9.68e-1","7.73","1.00e+0","9.60e-1","5.03e-3"
"GOTERM_MF_DIRECT","catalase activity","0.19%","3","1576","7","28424","5.35e-2","9.68e-1","7.73","1.00e+0","9.60e-1","5.03e-3"
"SMART","DSPc","0.25%","4","499","16","9100","5.36e-2","6.47e-1","4.56","1.00e+0","6.41e-1","9.59e-3"
"GOTERM_BP_DIRECT","xyloglucan metabolic process","0.37%","6","1127","42","22918","5.37e-2","5.32e-1","2.91","1.00e+0","5.10e-1","1.61e-2"
"UP_SEQ_FEATURE","DOMAIN:CSC1/OSCA1-like cytosolic","0.25%","4","1433","15","24437","5.39e-2","9.58e-1","4.55","1.00e+0","9.43e-1","9.54e-3"
"UP_SEQ_FEATURE","DOMAIN:CSC1/OSCA1-like 7TM region","0.25%","4","1433","15","24437","5.39e-2","9.58e-1","4.55","1.00e+0","9.43e-1","9.54e-3"
"UP_SEQ_FEATURE","DOMAIN:CSC1/OSCA1-like N-terminal transmembrane","0.25%","4","1433","15","24437","5.39e-2","9.58e-1","4.55","1.00e+0","9.43e-1","9.54e-3"
"UP_KW_BIOLOGICAL_PROCESS","Flowering","1.12%","18","682","172","10503","5.39e-2","4.60e-1","1.61","9.99e-1","4.31e-1","3.03e-2"
"SMART","UBCc","0.44%","7","499","50","9100","5.39e-2","6.47e-1","2.55","1.00e+0","6.41e-1","1.84e-2"
"GOTERM_MF_DIRECT","iron ion binding","1.75%","28","1576","351","28424","5.42e-2","9.68e-1","1.44","1.00e+0","9.60e-1","3.48e-2"
"GOTERM_CC_DIRECT","cytoplasmic stress granule","0.87%","14","1583","144","28749","5.45e-2","3.16e-1","1.77","1.00e+0","2.82e-1","2.78e-2"
"PIR_SUPERFAMILY","Catalase_clade1-3","0.19%","3","113","6","1693","5.46e-2","1.00e+0","7.49","9.92e-1","1.00e+0","4.99e-3"
"GOTERM_MF_DIRECT","metal ion binding","10.06%","161","1576","2559","28424","5.46e-2","9.68e-1","1.13","1.00e+0","9.60e-1","4.54e-2"
"UP_KW_CELLULAR_COMPONENT","Thylakoid","1.81%","29","1009","323","15965","5.51e-2","2.15e-1","1.42","9.13e-1","2.00e-1","3.51e-2"
"GOTERM_BP_DIRECT","carbon utilization","0.19%","3","1127","8","22918","5.54e-2","5.40e-1","7.63","1.00e+0","5.17e-1","5.51e-3"
"GOTERM_BP_DIRECT","plant organ senescence","0.19%","3","1127","8","22918","5.54e-2","5.40e-1","7.63","1.00e+0","5.17e-1","5.51e-3"
"GOTERM_BP_DIRECT","hyperosmotic salinity response","0.44%","7","1127","56","22918","5.60e-2","5.40e-1","2.54","1.00e+0","5.18e-1","1.94e-2"
"GOTERM_BP_DIRECT","response to bacterium","0.87%","14","1127","162","22918","5.64e-2","5.40e-1","1.76","1.00e+0","5.18e-1","2.91e-2"
"INTERPRO","Ig-like_fold","0.56%","9","1408","72","24245","5.65e-2","8.16e-1","2.15","1.00e+0","8.07e-1","2.32e-2"
"GOTERM_MF_DIRECT","UDP-glycosyltransferase activity","0.37%","6","1576","38","28424","5.72e-2","9.77e-1","2.85","1.00e+0","9.69e-1","1.73e-2"
"GOTERM_BP_DIRECT","auxin-activated signaling pathway","1.31%","21","1127","278","22918","5.74e-2","5.45e-1","1.54","1.00e+0","5.22e-1","3.44e-2"
"GOTERM_MF_DIRECT","DNA binding","7.12%","114","1576","1762","28424","5.75e-2","9.77e-1","1.17","1.00e+0","9.69e-1","4.67e-2"
"UP_SEQ_FEATURE","DOMAIN:Homeobox","0.69%","11","1433","97","24437","5.78e-2","9.82e-1","1.93","1.00e+0","9.67e-1","2.66e-2"
"INTERPRO","Galactose-bd-like_sf","0.50%","8","1408","60","24245","5.80e-2","8.16e-1","2.30","1.00e+0","8.07e-1","2.21e-2"
"INTERPRO","HD","0.69%","11","1408","98","24245","5.80e-2","8.16e-1","1.93","1.00e+0","8.07e-1","2.67e-2"
"INTERPRO","ClpA/ClpB_AAA_lid","0.19%","3","1408","7","24245","5.82e-2","8.16e-1","7.38","1.00e+0","8.07e-1","5.73e-3"
"INTERPRO","Catalase_sf","0.19%","3","1408","7","24245","5.82e-2","8.16e-1","7.38","1.00e+0","8.07e-1","5.73e-3"
"INTERPRO","A-D-PHexomutase_a/b/a-I","0.19%","3","1408","7","24245","5.82e-2","8.16e-1","7.38","1.00e+0","8.07e-1","5.73e-3"
"INTERPRO","BAG_domain","0.19%","3","1408","7","24245","5.82e-2","8.16e-1","7.38","1.00e+0","8.07e-1","5.73e-3"
"INTERPRO","Acyl-CoA_Oxase/DH_mid-dom","0.19%","3","1408","7","24245","5.82e-2","8.16e-1","7.38","1.00e+0","8.07e-1","5.73e-3"
"INTERPRO","Catalase_core","0.19%","3","1408","7","24245","5.82e-2","8.16e-1","7.38","1.00e+0","8.07e-1","5.73e-3"
"INTERPRO","ClpA/B_CS1","0.19%","3","1408","7","24245","5.82e-2","8.16e-1","7.38","1.00e+0","8.07e-1","5.73e-3"
"INTERPRO","G6P_1-epimerase","0.19%","3","1408","7","24245","5.82e-2","8.16e-1","7.38","1.00e+0","8.07e-1","5.73e-3"
"INTERPRO","Annexin_repeat_CS","0.19%","3","1408","7","24245","5.82e-2","8.16e-1","7.38","1.00e+0","8.07e-1","5.73e-3"
"INTERPRO","BAG_dom_sf","0.19%","3","1408","7","24245","5.82e-2","8.16e-1","7.38","1.00e+0","8.07e-1","5.73e-3"
"INTERPRO","A-D-PHexomutase_a/b/a-I/II/III","0.19%","3","1408","7","24245","5.82e-2","8.16e-1","7.38","1.00e+0","8.07e-1","5.73e-3"
"INTERPRO","Catalase","0.19%","3","1408","7","24245","5.82e-2","8.16e-1","7.38","1.00e+0","8.07e-1","5.73e-3"
"KEGG_PATHWAY","alpha-Linolenic acid metabolism","0.44%","7","367","43","5592","5.91e-2","3.06e-1","2.48","9.99e-1","2.67e-1","2.05e-2"
"UP_SEQ_FEATURE","REGION:I","0.19%","3","1433","7","24437","5.92e-2","9.82e-1","7.31","1.00e+0","9.67e-1","5.89e-3"
"UP_SEQ_FEATURE","DOMAIN:D-isomer specific 2-hydroxyacid dehydrogenase catalytic","0.19%","3","1433","7","24437","5.92e-2","9.82e-1","7.31","1.00e+0","9.67e-1","5.89e-3"
"UP_SEQ_FEATURE","DOMAIN:Acyl-CoA oxidase/dehydrogenase middle","0.19%","3","1433","7","24437","5.92e-2","9.82e-1","7.31","1.00e+0","9.67e-1","5.89e-3"
"UP_SEQ_FEATURE","SITE:Cleavage; by ATG4","0.19%","3","1433","7","24437","5.92e-2","9.82e-1","7.31","1.00e+0","9.67e-1","5.89e-3"
"UP_SEQ_FEATURE","DOMAIN:Alpha-D-phosphohexomutase alpha/beta/alpha","0.19%","3","1433","7","24437","5.92e-2","9.82e-1","7.31","1.00e+0","9.67e-1","5.89e-3"
"INTERPRO","Ubiquitin_dom","0.31%","5","1408","26","24245","6.10e-2","8.42e-1","3.31","1.00e+0","8.33e-1","1.55e-2"
"INTERPRO","HLH_DNA-bd_sf","1.00%","16","1408","167","24245","6.19e-2","8.42e-1","1.65","1.00e+0","8.33e-1","3.39e-2"
"INTERPRO","Aldehyde_DH_dom","0.25%","4","1408","16","24245","6.20e-2","8.42e-1","4.30","1.00e+0","8.33e-1","1.17e-2"
"INTERPRO","Ald_DH_C","0.25%","4","1408","16","24245","6.20e-2","8.42e-1","4.30","1.00e+0","8.33e-1","1.17e-2"
"INTERPRO","Ald_DH_N","0.25%","4","1408","16","24245","6.20e-2","8.42e-1","4.30","1.00e+0","8.33e-1","1.17e-2"
"PIR_SUPERFAMILY","XET","0.37%","6","113","33","1693","6.21e-2","1.00e+0","2.72","9.96e-1","1.00e+0","1.94e-2"
"UP_KW_BIOLOGICAL_PROCESS","Biological rhythms","0.44%","7","682","44","10503","6.29e-2","5.03e-1","2.45","1.00e+0","4.72e-1","2.21e-2"
"UP_SEQ_FEATURE","DOMAIN:ACT","0.37%","6","1433","37","24437","6.31e-2","1.00e+0","2.77","1.00e+0","9.85e-1","1.96e-2"
"UP_SEQ_FEATURE","DOMAIN:Aldehyde dehydrogenase","0.25%","4","1433","16","24437","6.35e-2","1.00e+0","4.26","1.00e+0","9.85e-1","1.21e-2"
"GOTERM_CC_DIRECT","mitochondrial matrix","0.69%","11","1583","105","28749","6.36e-2","3.59e-1","1.90","1.00e+0","3.20e-1","2.99e-2"
"GOTERM_BP_DIRECT","oxylipin biosynthetic process","0.31%","5","1127","31","22918","6.36e-2","5.99e-1","3.28","1.00e+0","5.74e-1","1.67e-2"
"INTERPRO","START-like_dom_sf","0.62%","10","1408","87","24245","6.51e-2","8.78e-1","1.98","1.00e+0","8.69e-1","2.92e-2"
"SMART","HLH","0.81%","13","499","135","9100","6.58e-2","7.46e-1","1.76","1.00e+0","7.38e-1","3.37e-2"
"UP_SEQ_FEATURE","DOMAIN:BZIP","0.56%","9","1433","74","24437","6.74e-2","1.00e+0","2.07","1.00e+0","9.85e-1","2.87e-2"
"INTERPRO","UBQ-conjugat_E2","0.44%","7","1408","50","24245","6.82e-2","8.99e-1","2.41","1.00e+0","8.89e-1","2.46e-2"
"INTERPRO","Plant_nsLTP","0.31%","5","1408","27","24245","6.84e-2","8.99e-1","3.19","1.00e+0","8.89e-1","1.82e-2"
"INTERPRO","PAP","0.31%","5","1408","27","24245","6.84e-2","8.99e-1","3.19","1.00e+0","8.89e-1","1.82e-2"
"GOTERM_MF_DIRECT","transcription coregulator activity","0.37%","6","1576","40","28424","6.85e-2","1.00e+0","2.71","1.00e+0","9.93e-1","2.19e-2"
"GOTERM_MF_DIRECT","ligase activity","0.62%","10","1576","92","28424","6.86e-2","1.00e+0","1.96","1.00e+0","9.93e-1","3.11e-2"
"INTERPRO","bZIP","0.56%","9","1408","75","24245","6.87e-2","8.99e-1","2.07","1.00e+0","8.89e-1","2.93e-2"
"INTERPRO","bZIP_sf","0.56%","9","1408","75","24245","6.87e-2","8.99e-1","2.07","1.00e+0","8.89e-1","2.93e-2"
"GOTERM_MF_DIRECT","glucose-6-phosphate 1-epimerase activity","0.19%","3","1576","8","28424","6.88e-2","1.00e+0","6.76","1.00e+0","9.93e-1","7.72e-3"
"GOTERM_MF_DIRECT","carboxylic ester hydrolase activity","0.19%","3","1576","8","28424","6.88e-2","1.00e+0","6.76","1.00e+0","9.93e-1","7.72e-3"
"GOTERM_BP_DIRECT","protein localization to endoplasmic reticulum exit site","0.19%","3","1127","9","22918","6.90e-2","6.34e-1","6.78","1.00e+0","6.08e-1","7.97e-3"
"GOTERM_BP_DIRECT","maintenance of floral meristem identity","0.19%","3","1127","9","22918","6.90e-2","6.34e-1","6.78","1.00e+0","6.08e-1","7.97e-3"
"GOTERM_BP_DIRECT","glucan metabolic process","0.19%","3","1127","9","22918","6.90e-2","6.34e-1","6.78","1.00e+0","6.08e-1","7.97e-3"
"UP_KW_MOLECULAR_FUNCTION","Activator","2.81%","45","806","565","12980","6.92e-2","6.85e-1","1.28","9.95e-1","6.85e-1","5.01e-2"
"UP_SEQ_FEATURE","DOMAIN:UBC core","0.44%","7","1433","50","24437","7.08e-2","1.00e+0","2.39","1.00e+0","9.85e-1","2.58e-2"
"INTERPRO","bHLH_ZIP_TF","0.25%","4","1408","17","24245","7.21e-2","9.33e-1","4.05","1.00e+0","9.23e-1","1.47e-2"
"INTERPRO","Ald_DH/histidinol_DH","0.25%","4","1408","17","24245","7.21e-2","9.33e-1","4.05","1.00e+0","9.23e-1","1.47e-2"
"GOTERM_BP_DIRECT","oligopeptide transport","0.25%","4","1127","20","22918","7.23e-2","6.54e-1","4.07","1.00e+0","6.27e-1","1.50e-2"
"GOTERM_BP_DIRECT","endomembrane system organization","0.25%","4","1127","20","22918","7.23e-2","6.54e-1","4.07","1.00e+0","6.27e-1","1.50e-2"
"UP_KW_MOLECULAR_FUNCTION","Glycosidase","2.00%","32","806","381","12980","7.31e-2","6.85e-1","1.35","9.97e-1","6.85e-1","5.12e-2"
"PIR_SUPERFAMILY","PHexose_mutarotase","0.19%","3","113","7","1693","7.32e-2","1.00e+0","6.42","9.98e-1","1.00e+0","8.32e-3"
"GOTERM_BP_DIRECT","cell differentiation","0.87%","14","1127","169","22918","7.36e-2","6.59e-1","1.68","1.00e+0","6.31e-1","3.96e-2"
"INTERPRO","MADS_MEF2-like","0.44%","7","1408","51","24245","7.37e-2","9.43e-1","2.36","1.00e+0","9.32e-1","2.72e-2"
"GOTERM_BP_DIRECT","cellular response to abscisic acid stimulus","0.37%","6","1127","46","22918","7.39e-2","6.59e-1","2.65","1.00e+0","6.31e-1","2.44e-2"
"INTERPRO","Acyl-CoA_Oxase/DH_mid-dom_sf","0.19%","3","1408","8","24245","7.46e-2","9.43e-1","6.46","1.00e+0","9.32e-1","8.78e-3"
"INTERPRO","PMP3","0.19%","3","1408","8","24245","7.46e-2","9.43e-1","6.46","1.00e+0","9.32e-1","8.78e-3"
"INTERPRO","AcylCoA_DH/oxidase_NM_dom_sf","0.19%","3","1408","8","24245","7.46e-2","9.43e-1","6.46","1.00e+0","9.32e-1","8.78e-3"
"UP_SEQ_FEATURE","TOPO_DOM:Stromal","0.50%","8","1433","63","24437","7.47e-2","1.00e+0","2.17","1.00e+0","9.85e-1","3.03e-2"
"UP_SEQ_FEATURE","DOMAIN:Fatty acyl-CoA reductase C-terminal","0.19%","3","1433","8","24437","7.59e-2","1.00e+0","6.39","1.00e+0","9.85e-1","9.02e-3"
"UP_SEQ_FEATURE","DOMAIN:BAG","0.19%","3","1433","8","24437","7.59e-2","1.00e+0","6.39","1.00e+0","9.85e-1","9.02e-3"
"UP_SEQ_FEATURE","MUTAGEN:S->A: Loss of activity.","0.19%","3","1433","8","24437","7.59e-2","1.00e+0","6.39","1.00e+0","9.85e-1","9.02e-3"
"INTERPRO","LTSS","0.31%","5","1408","28","24245","7.63e-2","9.58e-1","3.07","1.00e+0","9.48e-1","2.11e-2"
"UP_KW_PTM","Ubl conjugation","1.69%","27","433","265","5882","7.67e-2","2.81e-1","1.38","8.13e-1","2.56e-1","5.10e-2"
"GOTERM_MF_DIRECT","NAD binding","0.50%","8","1576","67","28424","7.69e-2","1.00e+0","2.15","1.00e+0","9.93e-1","3.14e-2"
"GOTERM_MF_DIRECT","RNA polymerase II transcription regulatory region sequence-specific DNA binding","0.44%","7","1576","54","28424","7.72e-2","1.00e+0","2.34","1.00e+0","9.93e-1","2.89e-2"
"UP_SEQ_FEATURE","DISULFID:Interchain","0.31%","5","1433","28","24437","7.85e-2","1.00e+0","3.05","1.00e+0","9.85e-1","2.19e-2"
"GOTERM_BP_DIRECT","polysaccharide catabolic process","0.37%","6","1127","47","22918","7.96e-2","6.93e-1","2.60","1.00e+0","6.64e-1","2.68e-2"
"INTERPRO","UspA","0.37%","6","1408","40","24245","8.01e-2","1.00e+0","2.58","1.00e+0","9.89e-1","2.68e-2"
"KEGG_PATHWAY","Carbon metabolism","1.56%","25","367","272","5592","8.02e-2","3.98e-1","1.40","1.00e+0","3.48e-1","5.17e-2"
"GOTERM_CC_DIRECT","chloroplast membrane","0.94%","15","1583","168","28749","8.03e-2","4.41e-1","1.62","1.00e+0","3.93e-1","4.48e-2"
"GOTERM_BP_DIRECT","proteolysis","2.25%","36","1127","556","22918","8.06e-2","6.93e-1","1.32","1.00e+0","6.64e-1","5.82e-2"
"GOTERM_BP_DIRECT","unsaturated fatty acid biosynthetic process","0.25%","4","1127","21","22918","8.14e-2","6.93e-1","3.87","1.00e+0","6.64e-1","1.78e-2"
"GOTERM_BP_DIRECT","glycerol metabolic process","0.25%","4","1127","21","22918","8.14e-2","6.93e-1","3.87","1.00e+0","6.64e-1","1.78e-2"
"GOTERM_BP_DIRECT","proteolysis involved in protein catabolic process","0.25%","4","1127","21","22918","8.14e-2","6.93e-1","3.87","1.00e+0","6.64e-1","1.78e-2"
"GOTERM_BP_DIRECT","negative regulation of programmed cell death","0.25%","4","1127","21","22918","8.14e-2","6.93e-1","3.87","1.00e+0","6.64e-1","1.78e-2"
"UP_SEQ_FEATURE","DOMAIN:Myb-like","1.31%","21","1433","244","24437","8.19e-2","1.00e+0","1.47","1.00e+0","9.85e-1","5.09e-2"
"GOTERM_MF_DIRECT","cysteine-type endopeptidase activity","0.31%","5","1576","30","28424","8.19e-2","1.00e+0","3.01","1.00e+0","9.93e-1","2.33e-2"
"GOTERM_MF_DIRECT","nuclease activity","0.31%","5","1576","30","28424","8.19e-2","1.00e+0","3.01","1.00e+0","9.93e-1","2.33e-2"
"INTERPRO","Dual-sp_phosphatase_cat-dom","0.25%","4","1408","18","24245","8.30e-2","1.00e+0","3.83","1.00e+0","9.89e-1","1.80e-2"
"INTERPRO","NUDIX_hydrolase_CS","0.25%","4","1408","18","24245","8.30e-2","1.00e+0","3.83","1.00e+0","9.89e-1","1.80e-2"
"GOTERM_BP_DIRECT","regulation of seed germination","0.44%","7","1127","62","22918","8.32e-2","6.93e-1","2.30","1.00e+0","6.64e-1","3.20e-2"
"SMART","CAP10","0.19%","3","499","9","9100","8.34e-2","8.50e-1","6.08","1.00e+0","8.42e-1","1.07e-2"
"SMART","Aamy","0.19%","3","499","9","9100","8.34e-2","8.50e-1","6.08","1.00e+0","8.42e-1","1.07e-2"
"GOTERM_BP_DIRECT","photoperiodism","0.19%","3","1127","10","22918","8.35e-2","6.93e-1","6.10","1.00e+0","6.64e-1","1.10e-2"
"GOTERM_BP_DIRECT","intracellular zinc ion homeostasis","0.19%","3","1127","10","22918","8.35e-2","6.93e-1","6.10","1.00e+0","6.64e-1","1.10e-2"
"GOTERM_BP_DIRECT","response to cadmium ion","0.50%","8","1127","77","22918","8.38e-2","6.93e-1","2.11","1.00e+0","6.64e-1","3.52e-2"
"KEGG_PATHWAY","beta-Alanine metabolism","0.44%","7","367","47","5592","8.40e-2","4.00e-1","2.27","1.00e+0","3.49e-1","3.20e-2"
"UP_KW_BIOLOGICAL_PROCESS","Photosynthesis","0.81%","13","682","119","10503","8.42e-2","6.34e-1","1.68","1.00e+0","5.95e-1","4.47e-2"
"GOTERM_CC_DIRECT","plant-type cell wall","2.31%","37","1583","514","28749","8.43e-2","4.47e-1","1.31","1.00e+0","3.98e-1","5.95e-2"
"GOTERM_MF_DIRECT","carboxylesterase activity","0.25%","4","1576","19","28424","8.48e-2","1.00e+0","3.80","1.00e+0","9.93e-1","1.87e-2"
"GOTERM_MF_DIRECT","endochitinase activity","0.19%","3","1576","9","28424","8.52e-2","1.00e+0","6.01","1.00e+0","9.93e-1","1.11e-2"
"INTERPRO","POT_fam","0.44%","7","1408","53","24245","8.54e-2","1.00e+0","2.27","1.00e+0","9.89e-1","3.28e-2"
"GOTERM_CC_DIRECT","stromule","0.37%","6","1583","43","28749","8.58e-2","4.47e-1","2.53","1.00e+0","3.98e-1","2.94e-2"
"UP_SEQ_FEATURE","DOMAIN:ABC transmembrane type-2","0.31%","5","1433","29","24437","8.70e-2","1.00e+0","2.94","1.00e+0","9.85e-1","2.52e-2"
"GOTERM_BP_DIRECT","seed development","0.50%","8","1127","78","22918","8.84e-2","7.25e-1","2.09","1.00e+0","6.95e-1","3.76e-2"
"UP_SEQ_FEATURE","LIPID:N-myristoyl glycine","0.81%","13","1433","133","24437","9.06e-2","1.00e+0","1.67","1.00e+0","9.85e-1","4.87e-2"
"GOTERM_BP_DIRECT","negative regulation of DNA-templated transcription","0.87%","14","1127","175","22918","9.08e-2","7.33e-1","1.63","1.00e+0","7.02e-1","5.05e-2"
"GOTERM_BP_DIRECT","cell death","0.31%","5","1127","35","22918","9.10e-2","7.33e-1","2.91","1.00e+0","7.02e-1","2.72e-2"
"INTERPRO","AcylCo_DH-like_C","0.19%","3","1408","9","24245","9.23e-2","1.00e+0","5.74","1.00e+0","9.89e-1","1.26e-2"
"INTERPRO","Acyl-CoA_DS","0.19%","3","1408","9","24245","9.23e-2","1.00e+0","5.74","1.00e+0","9.89e-1","1.26e-2"
"INTERPRO","ClpA/B","0.19%","3","1408","9","24245","9.23e-2","1.00e+0","5.74","1.00e+0","9.89e-1","1.26e-2"
"INTERPRO","CAP10","0.19%","3","1408","9","24245","9.23e-2","1.00e+0","5.74","1.00e+0","9.89e-1","1.26e-2"
"INTERPRO","FAF","0.19%","3","1408","9","24245","9.23e-2","1.00e+0","5.74","1.00e+0","9.89e-1","1.26e-2"
"INTERPRO","O-Glucosyltr/Glycosyltrsf_90","0.19%","3","1408","9","24245","9.23e-2","1.00e+0","5.74","1.00e+0","9.89e-1","1.26e-2"
"INTERPRO","Glyco_hydro_13_cat_dom","0.19%","3","1408","9","24245","9.23e-2","1.00e+0","5.74","1.00e+0","9.89e-1","1.26e-2"
"INTERPRO","FAR_C","0.19%","3","1408","9","24245","9.23e-2","1.00e+0","5.74","1.00e+0","9.89e-1","1.26e-2"
"INTERPRO","BAP29/BAP31","0.19%","3","1408","9","24245","9.23e-2","1.00e+0","5.74","1.00e+0","9.89e-1","1.26e-2"
"INTERPRO","UDP-glycosyltransf_plant","0.31%","5","1408","30","24245","9.34e-2","1.00e+0","2.87","1.00e+0","9.89e-1","2.78e-2"
"UP_SEQ_FEATURE","DOMAIN:Glycosyl hydrolase family 13 catalytic","0.19%","3","1433","9","24437","9.39e-2","1.00e+0","5.68","1.00e+0","9.85e-1","1.29e-2"
"UP_SEQ_FEATURE","DOMAIN:Glycosyl transferase CAP10","0.19%","3","1433","9","24437","9.39e-2","1.00e+0","5.68","1.00e+0","9.85e-1","1.29e-2"
"UP_SEQ_FEATURE","DOMAIN:D-isomer specific 2-hydroxyacid dehydrogenase NAD-binding","0.19%","3","1433","9","24437","9.39e-2","1.00e+0","5.68","1.00e+0","9.85e-1","1.29e-2"
"UP_SEQ_FEATURE","DOMAIN:Sucrose phosphatase-like","0.19%","3","1433","9","24437","9.39e-2","1.00e+0","5.68","1.00e+0","9.85e-1","1.29e-2"
"INTERPRO","Tetraspanin/Peripherin","0.25%","4","1408","19","24245","9.45e-2","1.00e+0","3.63","1.00e+0","9.89e-1","2.18e-2"
"INTERPRO","Epox_hydrolase-like","0.25%","4","1408","19","24245","9.45e-2","1.00e+0","3.63","1.00e+0","9.89e-1","2.18e-2"
"GOTERM_BP_DIRECT","formate catabolic process","0.12%","2","1127","2","22918","9.59e-2","7.33e-1","20.34","1.00e+0","7.02e-1","2.42e-3"
"GOTERM_BP_DIRECT","negative regulation of microtubule polymerization","0.12%","2","1127","2","22918","9.59e-2","7.33e-1","20.34","1.00e+0","7.02e-1","2.42e-3"
"GOTERM_BP_DIRECT","carotene metabolic process","0.12%","2","1127","2","22918","9.59e-2","7.33e-1","20.34","1.00e+0","7.02e-1","2.42e-3"
"GOTERM_BP_DIRECT","membrane raft localization","0.12%","2","1127","2","22918","9.59e-2","7.33e-1","20.34","1.00e+0","7.02e-1","2.42e-3"
"GOTERM_BP_DIRECT","positive regulation of cellular response to oxidative stress","0.12%","2","1127","2","22918","9.59e-2","7.33e-1","20.34","1.00e+0","7.02e-1","2.42e-3"
"GOTERM_BP_DIRECT","chlorophyll a catabolic process","0.12%","2","1127","2","22918","9.59e-2","7.33e-1","20.34","1.00e+0","7.02e-1","2.42e-3"
"GOTERM_MF_DIRECT","oxidoreductase activity, acting on a sulfur group of donors, disulfide as acceptor","0.25%","4","1576","20","28424","9.59e-2","1.00e+0","3.61","1.00e+0","9.93e-1","2.24e-2"
"UP_SEQ_FEATURE","DOMAIN:BHLH","0.94%","15","1433","163","24437","9.78e-2","1.00e+0","1.57","1.00e+0","9.85e-1","5.61e-2"
"GOTERM_BP_DIRECT","red or far-red light signaling pathway","0.31%","5","1127","36","22918","9.86e-2","7.33e-1","2.82","1.00e+0","7.02e-1","3.03e-2"
"GOTERM_BP_DIRECT","fatty acid elongation","0.19%","3","1127","11","22918","9.89e-2","7.33e-1","5.55","1.00e+0","7.02e-1","1.45e-2"
"GOTERM_BP_DIRECT","negative regulation of growth","0.19%","3","1127","11","22918","9.89e-2","7.33e-1","5.55","1.00e+0","7.02e-1","1.45e-2"
"GOTERM_BP_DIRECT","regulation of plant organ morphogenesis","0.19%","3","1127","11","22918","9.89e-2","7.33e-1","5.55","1.00e+0","7.02e-1","1.45e-2"
"GOTERM_BP_DIRECT","plastoquinone biosynthetic process","0.19%","3","1127","11","22918","9.89e-2","7.33e-1","5.55","1.00e+0","7.02e-1","1.45e-2"
"GOTERM_BP_DIRECT","regulation of abscisic acid biosynthetic process","0.19%","3","1127","11","22918","9.89e-2","7.33e-1","5.55","1.00e+0","7.02e-1","1.45e-2"
"GOTERM_BP_DIRECT","cellular response to osmotic stress","0.19%","3","1127","11","22918","9.89e-2","7.33e-1","5.55","1.00e+0","7.02e-1","1.45e-2"
"GOTERM_MF_DIRECT","ubiquitin-protein transferase activity","1.37%","22","1576","280","28424","9.92e-2","1.00e+0","1.42","1.00e+0","9.93e-1","6.40e-2"

